Address,Creation Time,Self-destructed Time,Num. of Trans,Balance,Mark
0xd64ad4eefaacb96a0865687cfeef4c4a2cfbfef2,Jul-21-2017 11:59:34 PM,Jul-23-2017 03:35:32 PM,109,0 Ether,suicide
0x4bf9e798cc40b6ccce801dec622af66a653e9f11,Aug-16-2018 12:38:14 PM,Aug-16-2018 12:47:18 PM,2,0 Ether,suicide
0x5170a14aa36245a8a9698f23444045bdc4522e0a,Nov-06-2018 07:28:05 AM,Nov-06-2018 02:11:55 PM,23,0 Ether,suicide
0xed81af91c38ac12b0464bf1ca4b887469f7adaec,Feb-18-2018 01:19:49 PM,Nov-23-2018 12:04:55 PM,72,0 Ether,suicide
0x90fc38eb9592940e6d5bae221313d749ee26369b,Mar-16-2017 07:41:11 PM,Sep-18-2017 08:03:08 AM,5747,0 Ether,suicide
0xd7c05d4015599b33d8225a69f14cd561f27177eb,Dec-06-2018 09:27:44 AM,Dec-08-2018 09:11:43 AM,2,0 Ether,suicide
0xd70b659ae2c61fc52a31723af84a1922747feab7,Feb-16-2018 06:46:52 PM,Feb-16-2018 08:26:48 PM,5,0 Ether,suicide
0x67b05fa2ababcdb3e1a1635868f58f9652bd3298,Nov-29-2018 10:32:50 PM,Nov-30-2018 09:34:15 AM,5,1.00000000012387 Ether,suicide
0x4b902704026d14117b5e9efa7fdafdff4ba610ef,Jul-20-2016 12:31:35 PM,Oct-12-2016 10:22:56 AM,4,0 Ether,suicide
0xe649e289bc2a29e3c7beebd187ba3ee2b0cdc759,Apr-07-2018 06:36:56 PM,Jun-01-2018 03:30:25 PM,19,0 Ether,suicide
0x49d2374241a0a4b407a71d359a753fc630c5d8d4,Apr-22-2017 08:56:07 AM,Apr-22-2017 09:01:41 AM,3,0 Ether,suicide
0x44bc5727c2c592038a944ca2696b5c958650c877,Mar-05-2018 01:00:04 PM,Aug-01-2018 08:11:42 AM,4,0 Ether,suicide
0xfb486bc995129042f99407282e926529d8e54451,Feb-04-2018 05:33:19 AM,Feb-04-2018 06:23:59 AM,7,0 Ether,suicide
0xb61fb596b0cc9fa829d678eb0b8a0e058c3f1b91,May-05-2016 08:00:18 AM,May-05-2016 03:35:54 PM,6,0 Ether,suicide
0x3ac0d29eaf16eb423e07387274a05a1e16a8472b,Feb-22-2018 08:36:12 PM,Feb-22-2018 10:36:59 PM,5,0 Ether,suicide
0xb856a6aa72c8fe5ced46ff570419f3bcfc1f9082,Sep-06-2018 09:16:52 AM,Jan-02-2019 12:57:46 PM,5,0 Ether,suicide
0x32293366f73b94a9c2c054e2fbeff2658119ad2e,Aug-23-2017 02:52:19 AM,Aug-23-2017 03:00:37 AM,4,0 Ether,suicide
0x76650703bd3fc6501ccd90dd69bba977190e98d6,Jul-11-2018 02:20:29 PM,Jul-11-2018 03:10:38 PM,3,0 Ether,suicide
0x73b958200ca61991556324cdf2f315ce2ae08698,Sep-13-2017 01:33:39 PM,Sep-13-2017 08:45:17 PM,15,0 Ether,suicide
0x97ec9bfb0f6672c358620615a1e4de0348aea05c,Feb-03-2018 11:09:11 PM,Feb-07-2018 03:31:24 PM,2089,208.645 Ether,suicide
0x5064ef946f91e8d94f845cf9a403acb1b9739eb2,Nov-20-2018 11:17:35 PM,Feb-01-2019 12:46:56 PM,3,0 Ether,suicide
0x6fa883afde9bc8d9bec0fc7bff25db3c71864402,Nov-29-2018 11:21:24 AM,Dec-01-2018 10:28:24 AM,27,0 Ether,suicide
0xd9ec750a0aac025f0075413c68502ecf8a9ab64e,Sep-24-2017 12:55:42 AM,Sep-26-2017 03:32:19 AM,11,0 Ether,suicide
0x8d734806913e445ee1be523aa0e84e4664fff481,Apr-20-2016 08:07:04 AM,Apr-20-2016 08:25:11 PM,2,0 Ether,suicide
0x51ae2f91619246ad3a20f4e76f3323a836bde6a5,Aug-06-2018 07:04:12 AM,Aug-12-2018 05:04:33 PM,5,0 Ether,suicide
0x4c60e311d8fba04e313f7e7b3dec61b3028726d1,Jun-10-2018 01:14:55 PM,Jul-17-2018 10:32:09 PM,843,0 Ether,suicide
0x812a935527dac8c340ae875ecb7713fcf85127c6,Dec-27-2018 04:47:37 PM,Dec-27-2018 06:56:30 PM,10,0 Ether,suicide
0x50bb21befa6c04f0c81a44edaea5f11d069791f8,Nov-28-2016 03:12:13 AM,Nov-28-2016 08:47:55 AM,6,0 Ether,suicide
0xe973dbf1e8c665fbc711ac5dbfdefefc1f70e2a0,Jan-14-2018 04:20:33 AM,Jan-14-2018 08:56:35 PM,10,0 Ether,suicide
0x301a0501c08e347b062b3c928fd4d0155f367855,Dec-25-2017 01:52:46 AM,Jan-30-2019 06:49:04 PM,11,0 Ether,suicide
0x1cca91a47db357445b89269f2fb4f647cd209968,Jan-18-2018 09:05:08 AM,Jan-18-2018 09:21:18 AM,4,0 Ether,suicide
0x2f58b31ecad8f1a60375a0c9968556283e6ce41a,Mar-20-2018 07:45:41 PM,Apr-23-2018 07:01:35 PM,7,0 Ether,suicide
0x0adadf6b6be1afad94d908b6bc4695dada64074c,Oct-04-2018 07:41:56 AM,Jan-18-2019 06:14:04 AM,1280,0 Ether,suicide
0x03e4bb77ccf8baa9c986685645470f2ce741addb,Feb-16-2018 6:46:26 AM,Apr-09-2018 2:04:42 PM,2,0 Ether,suicide
0x89cf33f3d75b7169f20bb3eb1a3fb16f147193bb,Sep-11-2018 01:55:14 PM,Feb-22-2019 12:55:59 PM,3920,0 Ether,suicide
0x8135efaa18a489fdd40d93471c7bcd28e7f1c0b8,May-11-2018 03:42:03 AM,Jun-18-2018 05:28:16 AM,8,0 Ether,suicide
0x3c7feb0dc32be219ef51b7fd38b56d62bb864d41,May-08-2018 04:59:02 PM,Jun-23-2018 10:48:42 PM,13,0 Ether,suicide
0x2e0d52f3bde91178db523f71c80f9c70a96bead4,May-15-2018 09:42:25 PM,May-24-2018 08:49:31 AM,9,0 Ether,suicide
0xc16c28d110697b1ad7a0f640eee2e343febea43b,Nov-14-2017 10:29:29 PM,Nov-17-2017 10:19:24 PM,5,0 Ether,suicide
0xd21daa01e682f849c8e21bd945bc040103091640,Jan-26-2018 11:04:58 AM,Oct-01-2018 10:40:20 PM,472,0.005 Ether,suicide
0x52903256dd18d85c2dc4a6c999907c9793ea61e3,Nov-01-2017 05:33:47 PM,Nov-18-2018 12:31:15 PM,5645,0.2160001 Ether,suicide
0x91efffb9c6cd3a66474688d0a48aa6ecfe515aa5,Feb-22-2017 12:23:07 AM,Jul-06-2018 08:57:08 AM,53,0.01 Ether,suicide
0x998a60f88706ad37bc240318755b903aaa36ba95,Oct-13-2017 04:52:44 AM,Oct-14-2017 11:55:10 PM,5,0 Ether,suicide
0x6b922dd2243de553ce56857d70c9d7622c70aef6,Mar-23-2017 04:54:37 PM,Nov-20-2017 04:44:30 PM,12,0.02346 Ether,suicide
0x50377c3314581a639f00bd5ba42367a6b65bced7,Dec-25-2017 03:39:23 AM,Jul-19-2018 07:46:07 PM,16,0 Ether,suicide
0xa515f59ca4be22e9f082d7c56056037514f8481d,Nov-12-2017 06:47:30 PM,Nov-12-2017 07:01:19 PM,5,0 Ether,suicide
0x24b68cf0c67a54d6f67c469d2b9455f6953c3199,Sep-19-2018 10:03:23 PM,Sep-21-2018 12:33:31 AM,2,0 Ether,suicide
0x74e5f1a34a651c052d86dbd25042d6f710187f0a,Mar-02-2017 01:59:22 PM,Mar-02-2017 02:16:18 PM,7,0 Ether,suicide
0xea8b30b0bf4aefb965a8fdf0ccacafd17ad740ad,Jul-18-2018 09:54:09 AM,Sep-07-2018 01:08:11 PM,4435,0 Ether,suicide
0x5d39fcebe89ab0397947881539fd6dc7d99c6a87,Jan-22-2017 06:08:59 PM,Jan-22-2017 06:20:55 PM,2,0 Ether,suicide
0x8bb69cb26480d452d4d2254f59ccd0b9953ee9b4,Jun-03-2018 07:52:46 AM,Jun-06-2018 05:40:21 AM,3,0 Ether,suicide
0xb3aac808b10eb65b74b59deb4f1998b52327bd1a,Feb-23-2018 07:03:14 AM,Feb-28-2018 04:09:58 PM,51,0 Ether,suicide
0xc43d52c637d6b2505fcd125cd37a771768c252bf,Nov-16-2017 12:20:39 PM,Nov-25-2017 09:24:53 AM,2,0 Ether,suicide
0x58bf4d7869517fb67fdc4fac0897e7829d19f47e,May-10-2018 04:36:11 PM,Jun-08-2018 09:22:53 PM,397,0 Ether,suicide
0xba48243448d23b770c6d7da12b4babfdf9470d4d,Apr-23-2018 02:50:10 PM,May-03-2018 02:09:45 PM,4,0 Ether,suicide
0x8bf1e43e3ca6f5c25c380803154ae687d682ad32,Nov-16-2017 04:33:43 PM,Nov-17-2017 04:30:47 PM,15,0 Ether,suicide
0xd2be917afd50b81b585a5a96866658f9f90d811b,Apr-18-2018 11:07:36 AM,Apr-23-2018 09:37:25 AM,3,0 Ether,suicide
0x03209bde47da583547c17c47e7ca74bfa3dfb404,Aug-28-2017 06:11:29 AM,Aug-28-2017 07:36:59 AM,3,0 Ether,suicide
0x62b46ad2e8a203fe8c04b6f97f5006e1a53e9b15,Jul-03-2017 03:32:46 AM,Jul-03-2017 04:14:50 AM,2,0 Ether,suicide
0xadccea0b14d26d786b99cf3ba3e9812cd4d23a81,Feb-25-2018 08:42:45 PM,Feb-25-2018 08:46:33 PM,2,0 Ether,suicide
0x8cc26aa53cbd517bc2828b279957e9508f75779d,Sep-30-2018 04:45:39 AM,Nov-18-2018 07:16:54 PM,24,0 Ether,suicide
0xfaf4a5fbf621b049215c19a73babd0b94fd9155f,Apr-17-2017 02:21:46 AM,Dec-07-2017 10:11:07 PM,7973,1.81 Ether,suicide
0x4c524b1e9d947c79be92e20c82e7281d783657dd,May-31-2017 11:25:33 PM,Jun-04-2017 12:57:40 PM,3,0 Ether,suicide
0x9a3da065e1100a5613dc15b594f0f6193b419e96,Aug-23-2017 08:05:38 PM,Aug-23-2017 08:56:45 PM,4,0 Ether,suicide
0x96d619298ee99c1f34462a38e192ac3d9eea127f,Feb-28-2018 12:59:50 AM,Aug-09-2018 10:24:42 PM,6,0 Ether,suicide
0xa06c318e59237f6ba20411ca7bccefd7e5357896,Nov-12-2017 03:43:26 AM,Jan-05-2018 10:39:45 PM,103,0 Ether,suicide
0x4cf2bfe70afc0ccef473c00abdd288a00d8c80fb,Oct-22-2018 01:39:30 PM,Oct-22-2018 06:20:49 PM,8,0 Ether,suicide
0xa0fd10be97cca603450373cdfaeb08316e684360,Jul-18-2016 12:02:42 AM,Jul-23-2016 02:24:41 AM,40,0 Ether,suicide
0x47d822fcf7d242d4e6f22ab70b63fabab36922c4,Apr-13-2017 05:37:19 AM,Apr-17-2017 07:24:18 AM,22,0 Ether,suicide
0xec34d45fde0836d50ac8438f8442002b588435c0,Aug-20-2017 03:32:27 PM,Aug-21-2017 01:54:50 PM,3,0 Ether,suicide
0x5209647ee5d6247daddae470ccc6a282c642f6d8,May-15-2018 09:37:10 AM,Dec-15-2018 12:39:23 AM,211,0 Ether,suicide
0xdd5dc6054aa77f21f6f4cee520320f1ef200991f,Oct-06-2017 01:58:58 PM,Oct-07-2017 04:23:49 PM,8,0 Ether,suicide
0x713c1a2bc93f9988ee5e607860ac111a808a8f33,Feb-28-2018 02:48:39 PM,Mar-02-2018 03:51:54 PM,2,0 Ether,suicide
0x60f52581489e879df02d86f956bd8c634f6f4db9,Aug-23-2017 10:34:41 AM,Aug-23-2017 11:05:37 AM,9,0 Ether,suicide
0x8d8194537110a4659d4bf0b8df030b0ced50b39e,Jan-30-2018 10:17:00 AM,Feb-14-2018 05:56:08 AM,3,0 Ether,suicide
0xde0f4df545910f0ce9bbdaf3eeb929705b8a9de0,Dec-14-2017 09:23:59 AM,Jan-04-2018 02:50:46 PM,5,0 Ether,suicide
0x0436d3110dee47f177bb5d9b7ea5ce5d712522e8,Nov-17-2017 02:40:36 PM,Jun-23-2018 12:10:11 AM,22,0 Ether,suicide
0x3b96990a8ef293cdd37c8e1ad3d210a0166f40e1,Feb-25-2018 10:10:59 AM,Feb-25-2018 10:28:28 AM,5,0 Ether,suicide
0x1c0a9bbaddb924b42e3145610960dde119779560,Nov-17-2017 06:00:48 PM,Nov-17-2017 10:02:28 PM,15,0 Ether,suicide
0x414bf51522a681dce60ff432067e89ac8326aaf7,May-13-2018 09:34:55 AM,May-23-2018 02:07:50 PM,3,0 Ether,suicide
0xc7fa024440ad999611eaf8b60500fc83e55e02e3,Nov-26-2018 08:19:05 AM,Jan-14-2019 07:58:14 AM,48,0 Ether,suicide
0x241e492c003dfbe6d60d8bfd1960c0b8b7944ebd,Oct-09-2018 08:02:58 AM,Oct-09-2018 09:20:07 AM,4,0 Ether,suicide
0x24d530c0e939f665e535f30d3858c1c3283e8d28,Feb-01-2018 03:29:27 AM,Mar-08-2018 01:50:51 PM,316,0 Ether,suicide
0x13ea3e8f20fdabb3996d7580df50143b93e4ba27,Mar-09-2018 02:17:36 AM,Apr-02-2018 11:22:06 PM,32,0 Ether,suicide
0x6086f10b9718b9baac661fd1141582da55e6a8ad,Jun-21-2018 04:02:51 PM,Jun-21-2018 09:17:04 PM,5,0 Ether,suicide
0x3e72548c1535beadcdf084ec13fd7850c49050ed,Jul-17-2016 07:28:44 PM,Jul-17-2016 07:47:38 PM,3,0 Ether,suicide
0xb9a944dec5cf3be2a0aa392fc3318258c7c54d47,Aug-21-2018 03:32:23 PM,Sep-03-2018 10:10:49 AM,3,0 Ether,suicide
0x35d4acbc4d328fa40d548084d909fecb1c99aaa1,Jun-05-2018 02:17:40 AM,Jun-07-2018 07:27:39 AM,6,0 Ether,suicide
0x0326ade59900f4e99e029362a076063a6d542a58,Feb-21-2018 07:41:51 PM,Feb-22-2018 07:14:29 PM,149,0 Ether,suicide
0xbbec422aeccf291e9c773ead036858d25ed87899,Oct-27-2018 08:35:41 AM,Jan-10-2019 05:18:02 AM,288,0 Ether,suicide
0xc5e0671844fbfcb9a91c53abaee8fe6ed20f3aab,Apr-17-2017 01:42:37 AM,Apr-17-2017 01:55:49 AM,2,0 Ether,suicide
0x3491bd2c385849353f231688bffada9d1e005a8a,Dec-27-2017 11:05:20 PM,Dec-31-2017 11:26:34 AM,11,0 Ether,suicide
0xd67f271c2d3112d86d6991bfdfc8f9f27286bc4b,Nov-09-2018 04:18:20 AM,Dec-01-2018 08:18:43 PM,366,0 Ether,suicide
0x56f4c053eb6fe1c36775a14bdd05c683e4fdede3,Jul-19-2018 12:59:41 AM,Jul-19-2018 01:07:17 AM,2,0 Ether,suicide
0xa0d537762cb98c7fd0a8439661a0ee5eb88b4152,May-09-2018 11:25:00 AM,Jun-07-2018 09:21:50 AM,3,0 Ether,suicide
0x1fdedef5c2da1ed9db44d80003a9592dfa18163c,Feb-12-2018 06:29:03 PM,Feb-21-2018 07:38:14 PM,566,0 Ether,suicide
0x0d49b24f068a9a3ef60576c7a915ffd6844d6fdd,Apr-11-2018 01:54:36 PM,Oct-09-2018 06:26:53 PM,163,0 Ether,suicide
0x521ed218348577fa2915b9454b72712024d350d2,Jan-19-2018 02:40:48 PM,Jan-24-2018 09:31:40 AM,3,0 Ether,suicide
0xff873e1c70c910edd8542dcdebb47c8ea5c6192f,Mar-22-2018 07:20:07 AM,Apr-05-2018 03:03:28 PM,10,0 Ether,suicide
0x48662880680cbc66fb4c6d6d0e29865b12085ea2,Jul-28-2017 11:56:49 PM,Jul-29-2017 12:19:08 AM,2,0 Ether,suicide
0x415f306a0628d35183f42d0607cd03fcb71d1e1f,Apr-30-2018 11:23:33 PM,May-07-2018 08:55:48 PM,206,0 Ether,suicide
0x463979a2dc1a19005b6143681244b8a3af115571,Jan-15-2018 05:47:31 PM,Jan-16-2018 04:17:44 PM,2,0 Ether,suicide
0xf7bb0e7ee82caa529bfe6bcc356268c92c264596,Jun-21-2018 03:52:11 PM,Jun-21-2018 05:21:31 PM,10,0 Ether,suicide
0x26f8d2330e06359dfd56a7227159f9fbcb1cbb25,Jul-19-2018 08:01:13 AM,Jul-19-2018 08:46:57 AM,2,0 Ether,suicide
0xfda2e0437f974c9312ca6740c07181178f645fa9,Dec-25-2017 04:13:27 AM,Jul-19-2018 07:46:07 PM,16,0 Ether,suicide
0x66e9aeedc17558cfc97b6734600b7a835f8e7ceb,Mar-17-2018 12:11:28 AM,May-16-2018 12:40:59 AM,6,0 Ether,suicide
0xf443aaaf1e0770a078b5e1b783e68eb71c9e2f0f,Nov-05-2017 04:16:10 AM,Nov-13-2017 04:55:56 PM,33,0 Ether,suicide
0xfab74b212c52e35722ceb0338db244390edd2887,Sep-19-2018 10:20:38 PM,Sep-21-2018 12:37:03 AM,2,0 Ether,suicide
0x559cc6564ef51bd1ad9fbe752c9455cb6fb7feb1,Mar-17-2018 06:19:38 AM,Mar-22-2018 05:53:10 AM,7,0 Ether,suicide
0xe74af09d42d9e71f2cd4f13c7ce3a2b182653705,Oct-01-2017 05:43:47 AM,Oct-06-2017 01:24:25 PM,15,0 Ether,suicide
0xedcbfdf37c11aa36daaa6944386e494ae00e2d42,Dec-28-2017 10:28:27 AM,Dec-28-2017 12:57:01 PM,8,0 Ether,suicide
0x674fc83f67b9668859a1d7882dfdbc384421c506,Dec-02-2017 11:42:57 PM,Dec-02-2017 11:55:40 PM,2,0 Ether,suicide
0xa43ef3ec09c844dccb09b4d193a7f407bd81f264,Mar-09-2018 08:21:16 PM,May-14-2018 11:26:44 PM,4,0 Ether,suicide
0x08573698b2b0aaf07f16395be3d3530598c0d972,Jul-13-2017 09:17:41 PM,Jul-13-2017 09:29:27 PM,4,0 Ether,suicide
0x033e698da77de33120c703e373f43525b10f8e68,Feb-18-2018 11:50:14 PM,Feb-19-2018 12:13:21 AM,6,0 Ether,suicide
0xc88fe44147aa5d8cd85d4f972d6002cc2b536eea,Aug-30-2018 03:52:21 PM,Jan-02-2019 10:59:26 AM,6,0 Ether,suicide
0x8e1a99d8dbe5687f74c74f18295c4928ce2f676d,Sep-01-2017 08:11:39 PM,Nov-11-2017 06:37:14 AM,40,0 Ether,suicide
0xd9c365c396ceb390a44f4e6e7f48fdb0fdc9778a,Sep-06-2018 11:36:29 AM,Oct-02-2018 02:06:13 PM,4,0 Ether,suicide
0x0eaf3a45f6035565ee7fb61b242f562b77883fc4,Jan-09-2019 08:10:09 PM,Jan-10-2019 04:25:32 PM,5,0 Ether,suicide
0x20b3d3f8a3e4f7b23382d844f2ca1d7026d69479,Sep-08-2018 01:51:23 PM,Oct-13-2018 11:17:10 AM,47,0 Ether,suicide
0x9f352d623371eda3a28f9d9c8ca73a5124f2d9fc,Apr-30-2018 12:54:18 AM,Jun-01-2018 12:30:26 AM,11,0 Ether,suicide
0x545123c9b719cc37d098168742ca21748adc0060,Jan-25-2018 09:28:24 PM,Jan-25-2018 10:44:16 PM,4,0 Ether,suicide
0x8e4254c212c521c5f88a1f039338e067a06b1dfa,Aug-03-2018 03:33:22 AM,Aug-03-2018 04:49:38 AM,4,0 Ether,suicide
0x013620bf5142f9d8487e92c1d514c38e1b086613,Apr-06-2018 10:16:20 PM,Apr-07-2018 02:25:42 AM,6,0 Ether,suicide
0x7bc51b19abe2cfb15d58f845dad027feab01bfa0,Feb-05-2018 05:43:40 PM,Feb-05-2018 09:03:22 PM,6,0 Ether,suicide
0x25926eff952bdcd3cb395a5614ab5094474b2dba,Feb-13-2018 01:02:22 PM,Mar-01-2018 02:00:36 PM,7,0 Ether,suicide
0x19c630bb6d3e7c2cfe77e2a73627c9bee2db8ac5,Aug-16-2018 03:17:35 PM,Aug-16-2018 03:20:18 PM,2,0 Ether,suicide
0xd13c4ce99da44714b7c1aedb40f673fb3c5b20ad,Mar-10-2018 01:23:58 PM,Aug-06-2018 03:28:26 AM,84,0 Ether,suicide
0x2282a327a9293895cacbce617b194e6031d6ffa4,Feb-09-2018 09:40:42 AM,Feb-09-2018 11:51:18 AM,12,0 Ether,suicide
0xa0eb827c013d3c5170cbb1f57a5f83f1c41caf74,Oct-24-2017 08:30:28 AM,Nov-08-2017 01:48:59 PM,123,0 Ether,suicide
0x8194df136b53dba129191e5460cd8c6745d150e9,Jun-25-2018 09:04:37 AM,Jun-25-2018 09:17:36 AM,3,0 Ether,suicide
0x2df5c5eb37fba9b386cf0b39e6b209687ca67559,Dec-02-2018 07:03:30 PM,Dec-31-2018 11:10:03 PM,7,0 Ether,suicide
0x466f39a5fd8d1bd54ea7e82975177c0f00c68492,Mar-31-2016 10:15:25 AM,Mar-31-2016 12:36:48 PM,8,0 Ether,suicide
0xf8e89d113924300b38615ceb5719709569ebec6b,Feb-07-2018 04:32:15 AM,Feb-07-2018 11:27:54 AM,8,0 Ether,suicide
0xf0a924661b0263e5ce12756d07f45b8668c53380,Jul-24-2017 05:01:44 PM,Jun-28-2018 08:34:26 AM,705,37.508459473215928974 Ether,suicide
0xfeac34425a3ba2fafbbeedb367ac5f4b4bb701d2,Nov-20-2017 06:49:56 PM,Jun-23-2018 04:08:28 PM,159,0 Ether,suicide
0xc3541f0c65d54088519999a09f40884282d5e374,Jun-16-2018 08:01:21 AM,Nov-10-2018 10:29:25 AM,1087,0 Ether,suicide
0xb3707eabedf0e9daf1b9d91b881e05dd69bf0ce6,Oct-18-2017 06:19:45 PM,Oct-22-2017 04:37:53 PM,3,0 Ether,suicide
0x0aac73a7098578bcb34ed305e63a9bd4e9f9bb07,Feb-15-2018 05:16:27 AM,Feb-15-2018 05:46:00 AM,7,0.3 Ether,suicide
0xbd3476e32de1077e049d0c4767c650230be38bda,Jun-25-2018 05:46:14 PM,Jun-25-2018 11:34:42 PM,26,0 Ether,suicide
0xd1195c7dae5d4402ded616b7f3d41524614ef1e3,Feb-26-2018 12:04:22 PM,Feb-27-2018 05:34:34 AM,8,0 Ether,suicide
0x8b801af263b32a118575fc85e44fa05a2e8f6b36,Jun-02-2018 04:52:42 AM,Jul-20-2018 04:36:47 AM,3,0 Ether,suicide
0x81c54822e12581b23a2aa782f1d84b15670814c9,Mar-30-2018 06:59:54 PM,Mar-31-2018 08:43:53 AM,173,0 Ether,suicide
0x4dcd68fbaa08976950a3b447194604c6288510eb,Aug-29-2018 02:15:17 PM,Aug-30-2018 11:14:06 AM,2,0 Ether,suicide
0xa83c50d091e39a02e02fcc88d4c5eb2b9eff14eb,Mar-01-2018 08:34:00 PM,Mar-06-2018 08:43:42 AM,3,0 Ether,suicide
0x0d83102ec81853f3334bd2b9e9fcce7adf96ccc7,Feb-19-2018 02:17:01 PM,Feb-20-2018 09:12:36 PM,3,0 Ether,suicide
0x2f3abc0a1cf1d7d0487fd220aa3283a63982ba60,Feb-01-2018 01:52:20 AM,Feb-05-2018 11:07:42 AM,5,0 Ether,suicide
0x8cdc892df28249ad590d07bdfd5ed6d496f29a01,Apr-14-2018 06:12:15 PM,May-07-2018 05:34:32 AM,3,0 Ether,suicide
0x2075d158924f5030aece55179848c2bd7ec5833f,Feb-06-2018 10:10:54 PM,Feb-08-2018 09:08:56 AM,17,0 Ether,suicide
0x5a13fb126ff58a66e09b79de8777d3f62d4e7161,Apr-03-2018 10:03:37 AM,Apr-08-2018 07:50:32 AM,2,0 Ether,suicide
0xf3d71e8595497ff02a3a50416795fa9a4f2d2a34,Oct-12-2017 06:23:36 PM,Feb-21-2018 05:38:46 PM,16,0 Ether,suicide
0x5d357c787c66ac1b09edc55e37abb28f3cc5b928,Mar-22-2018 10:10:17 AM,Mar-22-2018 02:33:41 PM,4,0 Ether,suicide
0xf208b39639430081db0a776335886343a9c64d9a,Dec-10-2018 01:39:28 PM,Feb-01-2019 01:15:00 PM,3,0 Ether,suicide
0x09b510a0e0fa1886eed0e17ba9b42c001cfeb7f7,Mar-10-2018 09:10:10 PM,Mar-16-2018 05:30:45 PM,4,0 Ether,suicide
0x9b2f30c69f31559c99a04dcdfa19de1b1cf9d265,Jul-29-2018 04:44:30 AM,Oct-23-2018 12:00:02 PM,28,0 Ether,suicide
0x66230ca3603e071c942f9c1c8824be91c91f3a90,Sep-14-2016 10:56:40 AM,Nov-18-2016 06:23:37 PM,7,0 Ether,suicide
0x5d4172156a9b54f6805c41f7487aa4fa89eb33da,May-25-2018 05:51:52 PM,Aug-07-2018 12:10:13 AM,2,0 Ether,suicide
0x384e762dad922b22a0d06f4d1229582473d2dee6,Oct-19-2016 12:01:10 AM,Mar-16-2017 02:44:40 AM,199,0 Ether,suicide
0x8e26e48cc5ba742813be32f1f6ec0ef99d848e9e,Oct-23-2018 07:59:02 AM,Nov-21-2018 04:22:51 PM,13,0 Ether,suicide
0x8cb08d6379e79aa4b84a809bcf55ba5a00407e93,May-07-2018 09:38:51 PM,Jun-16-2018 09:37:09 PM,33,0 Ether,suicide
0xf60efc8e10692b111f7e73af821ccfdbcd78eb45,Dec-25-2017 02:13:55 AM,Dec-25-2017 03:30:08 AM,3,0 Ether,suicide
0xee1a0710fcc892999d39a1710f2c16dba1f28ae6,Apr-02-2016 03:01:30 PM,Apr-04-2016 06:31:26 PM,16,0 Ether,suicide
0x8776fdf897337ad36472d9d7520fb022d7a69732,Feb-01-2018 01:43:15 AM,Feb-05-2018 11:07:14 AM,5,0 Ether,suicide
0x75a32cc1bfa5c32fe428dea7c40693d7004884da,Feb-20-2017 07:02:16 PM,Mar-13-2017 05:24:17 PM,1899,0 Ether,suicide
0x6ee4d5d2dec16454b53c6697b6a5f672935a765f,Jun-21-2018 05:04:58 PM,Oct-09-2018 06:15:07 PM,689,0 Ether,suicide
0xe0d1c0926fd72107b866c1ba5dd2245fcb51eee7,May-15-2017 11:04:50 AM,May-17-2017 12:54:21 PM,4,0.1 Ether,suicide
0xeb2b6b3f3fa0ea711ceb2ed77a23baeaf5ac0796,Jan-26-2018 10:14:31 AM,Jan-30-2018 04:21:31 PM,11,0 Ether,suicide
0xe64f9f5af35ee8dd53f0c503e55852e169de3b6b,Mar-26-2017 10:27:37 AM,Mar-26-2017 10:54:08 AM,3,0 Ether,suicide
0x9712f804721078550656f7868aa58a16b63592c3,Dec-01-2018 11:04:55 AM,Jan-15-2019 06:40:46 PM,1162,0 Ether,suicide
0xfa1d63b87f40c92d27bfb255419c1ea8c49086de,Apr-10-2018 09:46:34 AM,Apr-12-2018 08:41:12 AM,6,0 Ether,suicide
0x365026fa78f6f78c18dcfa7da746d0579ff1d38b,Sep-06-2017 08:42:51 PM,Sep-06-2017 09:02:08 PM,3,0 Ether,suicide
0xc19aba5148a8e8e2b813d40be1276312feddb813,Dec-29-2018 09:56:36 PM,Jan-16-2019 01:31:20 PM,39,0 Ether,suicide
0x95411d0acaa34aaaf85c0ea55a8fde2cefb3d610,Jan-30-2018 05:11:52 PM,Jan-30-2018 05:19:14 PM,3,0 Ether,suicide
0xcb8d1c16f97f86b4aaa400a50771bc958b9ba116,Oct-28-2017 05:49:14 AM,Oct-28-2017 06:37:25 PM,11,0 Ether,suicide
0x8142f69a18cfd12f2ede55d1e26bcc1e9b3e463d,Jan-08-2019 06:23:01 PM,Jan-09-2019 03:22:25 PM,7,0 Ether,suicide
0x78b17cc10c4d34fbf6cb474731f7340e487a5db3,Jan-08-2018 04:41:03 PM,Feb-26-2018 08:46:54 AM,186,0 Ether,suicide
0xb7177696646a98a70520c37740d4a7659362f5b3,Aug-23-2017 12:00:10 PM,Aug-23-2017 12:09:49 PM,5,0 Ether,suicide
0x013969cb9113d3636f214b19a3c80a4b4afa6c83,Feb-26-2018 02:08:59 AM,Feb-26-2018 02:35:58 AM,5,0 Ether,suicide
0xb442e7315d24bb120ddfc778612116dd5c90dc46,Jan-11-2018 04:44:58 PM,Feb-23-2018 02:00:03 PM,51,0 Ether,suicide
0x579afc9d2aab2fd0cbf55eddc35ce4667725f88e,Dec-20-2017 03:53:48 PM,Dec-25-2017 02:25:37 AM,4,0 Ether,suicide
0x7ed77f4dc8218db41789d75889394bcb752dd532,Jun-12-2018 09:43:30 PM,Jul-01-2018 05:16:48 PM,87,0 Ether,suicide
0x71065f5b5891c27ae5e48faa7000a7c1c3df7ff3,Dec-02-2018 12:07:32 PM,Apr-28-2019 10:21:48 AM,4,0 Ether,suicide
0xc0e3cf6d466b2273f3aa105c96325830ba884ba1,Jul-01-2017 05:34:24 PM,Jul-01-2017 10:16:41 PM,2,0 Ether,suicide
0x993bfef7c9989db29fb2d2bd656d75e03e44b6cc,Mar-30-2018 10:19:52 AM,Apr-02-2018 03:19:19 PM,5,0 Ether,suicide
0x7aef44e5e6930f8799559afb046ccd8692044f86,Jul-28-2017 12:35:24 AM,Aug-03-2017 11:21:17 PM,17,0 Ether,suicide
0xaa929c976386d6c8e79c14bc16075d54e2693247,Feb-27-2018 10:11:07 AM,Aug-27-2018 11:41:36 PM,71,0.001002 Ether,suicide
0x138e8f61c1e1908e145c02a12879f68051499d21,Nov-14-2017 12:29:55 AM,Nov-14-2017 10:05:13 PM,4,0 Ether,suicide
0xbd5af6f705e4582c3f2b368ccf278ce39c3cfc17,Oct-20-2017 10:59:59 AM,Nov-08-2017 07:33:00 AM,5,0 Ether,suicide
0xbddd99e8aaeb85847703c31a83277856d49961d9,Oct-29-2017 02:24:58 PM,Oct-30-2017 01:33:45 PM,8,0 Ether,suicide
0x46b6434711a2dfab29a7069844968752db387ddc,Jun-11-2018 03:19:58 AM,Jun-19-2018 03:30:24 AM,4,0 Ether,suicide
0xdfe639317f8e7653fd72abeac1900f94952152b2,Sep-13-2017 02:23:34 AM,Sep-19-2017 03:01:49 AM,37,0 Ether,suicide
0x0033fb5561719b8b697b604466d6d39308c58191,Apr-09-2018 06:30:05 AM,Jun-23-2018 12:16:45 AM,4,0 Ether,suicide
0xb919b2903e07293bc84372471a7081ecb69e8d36,Feb-04-2017 01:24:49 AM,Feb-08-2017 03:54:48 PM,40,0 Ether,suicide
0x388f984fb8efd7ad96bd54792e18ee560879e579,May-31-2018 04:26:35 AM,Jun-04-2018 12:43:34 PM,6,0 Ether,suicide
0x9a2e9235f7a7ac7b899e5f3208fbb13c6985171a,May-14-2017 08:12:27 PM,Aug-05-2017 07:26:53 AM,782,0 Ether,suicide
0x2101ba900918345003585b0a17de91570609d706,Jul-23-2017 08:21:17 AM,Aug-17-2018 09:46:44 AM,206,0 Ether,suicide
0x36f726e01cc85fdb0d998dfc442856379c569274,Feb-21-2018 08:07:03 AM,Feb-21-2018 08:29:37 AM,2,0 Ether,suicide
0x8b099bdcfea93faecfac13d0dbc1d08c4e1ec595,Nov-27-2016 02:59:16 PM,Nov-27-2016 03:06:38 PM,2,0 Ether,suicide
0xfa0fe74319632eacbf009e846680e896ee4e2d02,Dec-30-2017 04:22:45 PM,Dec-30-2017 10:52:17 PM,14,0 Ether,suicide
0xc5c49c5f57d9f1635dde956c6858146717879600,Apr-13-2017 01:45:39 PM,Jun-23-2017 03:40:34 PM,249,0 Ether,suicide
0xdda80deeb2db6d63247b9be73bacd00184fbc83f,Jun-07-2018 03:50:52 AM,Jun-12-2018 02:07:40 AM,9,0 Ether,suicide
0x8a630b2d1e25f1ad066feaa090f5bdb63a1451cc,Apr-22-2017 08:30:02 AM,Apr-22-2017 08:53:04 AM,2,0 Ether,suicide
0xf0cfb6e33af9a0bbf70b37662c0f5b3c7483b16d,Apr-28-2017 12:47:24 PM,Apr-28-2017 01:58:27 PM,17,0 Ether,suicide
0x96830139e44251ddbe3d1c4c4110262b47cf6d34,Feb-28-2018 02:56:06 PM,Mar-04-2018 01:38:44 PM,3,0 Ether,suicide
0x2df8286c9396f52e17dfee75d2e41e52609cf897,Aug-21-2017 01:06:26 PM,Nov-10-2017 08:50:04 PM,442,0 Ether,suicide
0x9823e4e4f4552cd84720dabbd6fb2c7b67066c6c,Apr-23-2018 03:29:29 PM,May-03-2018 07:57:46 PM,9,0 Ether,suicide
0x1f37e131d1127de0e112fc96d5fa53ebe6f82177,Jun-08-2018 11:34:17 PM,Jun-16-2018 03:12:35 PM,6,0 Ether,suicide
0xa6aef41be341fb364a432fb04a5d2bdd57546c76,May-18-2018 11:24:26 AM,Oct-10-2018 12:05:13 PM,100,0 Ether,suicide
0x9cdfd805d73b4837bf3f7b2296996aaecc881e86,Feb-27-2018 02:44:31 PM,Feb-27-2018 08:55:18 PM,4,0 Ether,suicide
0x2a77bf0239c625a0319e21607d6e9093a38b6eed,Dec-14-2018 12:08:15 PM,Jan-11-2019 06:25:55 PM,68,0 Ether,suicide
0x1c2389c0b8014be72e11849ec0aa790b03929e18,Dec-28-2018 04:43:56 AM,Jan-07-2019 06:08:10 AM,7,0 Ether,suicide
0xfbde2d49c82f7ddf5dcdfbf221e159d7ce471928,Oct-27-2017 07:51:03 PM,Oct-31-2017 06:45:22 PM,5,0 Ether,suicide
0x6324d9d0a23f5ddba165bf8cc61da455350895f2,Feb-05-2018 06:22:53 PM,Feb-06-2018 06:42:23 AM,6,0 Ether,suicide
0x8814d34c233248c388a879939256ca5739380e25,Jul-08-2018 01:25:07 PM,Feb-22-2019 12:56:24 PM,2683,0 Ether,suicide
0xae0680c49df146e18b2bc19635e5e402494b5d67,Jul-27-2016 06:10:58 PM,Oct-12-2016 10:33:25 AM,4,0 Ether,suicide
0xe37b75941d9b8e3139e16a774faa2d9fb1fc9f28,Nov-18-2018 09:53:14 PM,Nov-20-2018 10:37:43 PM,6,0 Ether,suicide
0x709c2801c913e7589e9ec38311af533e25e6562e,May-16-2018 09:20:05 AM,Jun-11-2018 02:22:32 PM,7,0 Ether,suicide
0xd173cbb6324c88b6ec969eb055124349181812c1,Aug-24-2017 09:40:42 AM,Aug-24-2017 11:00:46 AM,13,0 Ether,suicide
0x3268ecb4fcba1ca9f43da8ed05ffc80382cef1da,Feb-04-2018 08:42:00 PM,Feb-05-2018 06:07:04 PM,6,0 Ether,suicide
0xbd2ed3e85faa3433c068c7b3f9c8c7d839ce88d7,Oct-05-2017 03:46:54 AM,Nov-18-2017 05:37:16 PM,1239,69.6 Ether,suicide
0x8a754e689f2fcba0c900028fa235043b595c994d,Sep-01-2017 04:46:26 AM,Sep-01-2017 04:50:33 AM,2,0 Ether,suicide
0x191a70e9808c8d89be289cfe9001a7010dc3d78c,Apr-04-2018 11:40:22 PM,Apr-20-2018 09:53:01 PM,6,0 Ether,suicide
0xdda65daa223aaae4add64e4e390cda7101c4ab41,Aug-17-2016 02:58:08 PM,Aug-23-2016 12:29:55 PM,31,0 Ether,suicide
0x11fc42be8b14aeecfc371af217c4648e6423fa60,Jan-29-2018 07:24:00 PM,Jan-29-2018 08:27:09 PM,9,0.033 Ether,suicide
0xc5c5aa3f03523c3e5442cd6bc41076cb194e4d11,Feb-22-2018 06:53:40 PM,Feb-22-2018 06:58:49 PM,2,0 Ether,suicide
0x24afa69210c46d703c693d0ab4295df080bd1c9b,Apr-11-2018 01:55:48 PM,Jun-09-2018 01:36:57 PM,25,0 Ether,suicide
0x870ed69ed12430c6a3d4abdb30c7eeb1918c62b1,Aug-15-2017 02:45:47 AM,Aug-23-2017 04:22:14 AM,15,0 Ether,suicide
0x523630976eb6147621b5c31c781ebe2ec2a806e0,Apr-10-2018 04:44:57 AM,Jul-27-2018 05:44:25 AM,7068,0 Ether,suicide
0x77d7536eb289f61c47c728142bda4da54ca9c71f,Apr-24-2017 11:36:46 AM,Apr-26-2017 01:08:13 AM,12,0 Ether,suicide
0x0312855bb6e548578a36fa8de63b8f0d3d7d7dc2,Apr-05-2016 12:16:56 PM,May-20-2016 11:39:50 AM,4,0 Ether,suicide
0x92ea0d71b3f51883968e52da5db41baf8b35b4c1,Mar-17-2018 09:26:06 PM,Mar-24-2018 10:36:55 PM,32,0 Ether,suicide
0xe98945936dd2f04294afd798ed7036a8e9ba6acc,Apr-16-2018 11:36:10 PM,Apr-30-2018 11:30:53 PM,591,0 Ether,suicide
0x9ce826471f5055547f3589179489aee9b34b39bc,Dec-05-2018 07:48:33 AM,Dec-06-2018 10:48:58 AM,41,0 Ether,suicide
0xdba6f4fe7e8a358150fc861148c3a19b22242743,Sep-19-2018 05:31:49 AM,Sep-27-2018 10:07:05 AM,3,0 Ether,suicide
0x34ab5b2d94d624ae0f82332b79db47ab07a9948b,Oct-20-2017 10:59:25 AM,Oct-20-2017 10:59:25 AM,1,0 Ether,suicide
0x4ad0a7b4884adc2f5bf769253efe89549d10f7b4,Sep-04-2018 12:21:16 PM,Oct-01-2018 04:58:45 PM,73,0 Ether,suicide
0x18a5c3c789c0c923c61a36ca4124b12c699242b8,Aug-12-2018 11:35:06 AM,Aug-12-2018 12:20:02 PM,4,0 Ether,suicide
0x57a53ffa64204f5f65c44f0179aecc152d68e81b,Nov-16-2018 02:26:48 PM,Nov-16-2018 02:46:14 PM,2,0 Ether,suicide
0xae349ce4f8eb520020066199102992ae005dbbc0,Dec-27-2018 09:12:59 AM,Dec-31-2018 03:58:19 AM,3,0 Ether,suicide
0x858c9eaf3ace37d2bedb4a1eb6b8805ffe801bba,Feb-06-2018 03:35:33 PM,Feb-08-2018 08:40:31 AM,4,0 Ether,suicide
0xeb31c53605b2294fa5476326641d4a78ef2394ab,Apr-15-2017 10:49:04 AM,Jun-23-2017 12:59:47 PM,3,0 Ether,suicide
0x70eb150c7c9e2ac62588a4f4ea4c2b9fb4bd05d3,Aug-15-2018 11:05:05 PM,Aug-15-2018 11:33:09 PM,3,0 Ether,suicide
0x97a8c6af1c65d27f6bb0da4a3ace902c93e24eab,Mar-24-2017 05:18:41 PM,Apr-14-2017 02:56:46 PM,38,0 Ether,suicide
0x5936d34a49aaa7bbaeffba2cf7f7c191bd96477d,Jul-21-2017 11:02:18 AM,Jul-22-2017 02:06:33 PM,7,0 Ether,suicide
0x7376596c7b5b9870342326561d2ac490d0d40a6e,Sep-10-2017 07:28:51 PM,Dec-13-2017 10:58:00 PM,9,0 Ether,suicide
0x38c83b225eb17d44f33f8bb3bdc23d86733838db,Nov-17-2018 07:11:27 PM,Feb-01-2019 12:52:42 PM,3,0 Ether,suicide
0xf0eeb04b00a9c5bc026d22433c1d94315b7219db,Jul-20-2018 04:28:13 AM,Jul-20-2018 02:28:00 PM,2,0 Ether,suicide
0x803838b44a07b1948abb8373c1eabe3e0152b726,Jun-02-2018 02:17:46 AM,Jun-02-2018 03:55:56 AM,2,0 Ether,suicide
0x30f213a4e5f49b9ceee2db11ff64ad51c2fb92cc,Oct-01-2018 01:09:59 PM,Feb-22-2019 01:00:20 PM,3515,0 Ether,suicide
0x8c9f657fe6049f7e5890b3f67f45a2e7a6e0048f,Jan-25-2018 06:55:31 PM,Mar-03-2018 02:54:27 AM,2,0 Ether,suicide
0x3c563651318b6b2cf555207a1e611bb577fff446,Jul-12-2017 06:51:17 PM,Jul-21-2017 11:52:00 PM,5,0 Ether,suicide
0xdd967c0f1a9a4a0a39fc6e6b2e44b620dea027ad,Feb-28-2018 08:09:47 PM,Sep-05-2018 03:10:19 PM,8,0 Ether,suicide
0x8877b35cacce0063a280c6448a3c35c2cdf94b58,Feb-15-2018 03:35:31 AM,Feb-15-2018 05:15:11 AM,22,0 Ether,suicide
0x9486120332526054fb2ac591d54513ff72b618d4,Feb-22-2018 03:31:31 PM,Feb-22-2018 09:41:20 PM,2,0 Ether,suicide
0x8f81eb4030968e2e13a8a182ef0d07673e48ef6f,Oct-06-2017 01:57:57 PM,Oct-07-2017 04:23:11 PM,14,0 Ether,suicide
0x60778cb37b76e1ccd8e05e25cf712ba5bda3217a,Jan-04-2018 10:28:11 AM,Jan-05-2018 11:47:48 AM,3,0 Ether,suicide
0xa6303bb076a1ff08df3cf00212cdc01500ff13fe,Dec-31-2018 04:46:40 AM,May-22-2019 09:10:55 AM,3,0 Ether,suicide
0x37eb3cb268a0dd1bc2c383296fe34f58c5b5db8b,Feb-10-2018 05:26:40 AM,Feb-10-2018 10:42:04 AM,9,0 Ether,suicide
0xfed8dfb896ff7081851c56a2652240568d2c513f,Sep-01-2017 02:27:54 PM,Feb-20-2018 02:46:23 AM,2819,0.01 Ether,suicide
0x99925cc9a57f5e473ff22314cfe0627a0bfcceb4,Nov-24-2016 09:22:39 AM,Nov-24-2016 09:51:58 AM,4,0 Ether,suicide
0xe64d5f33e28387855d33980719f27f0d579392af,Jan-17-2018 12:04:43 PM,May-21-2018 07:15:04 AM,563,0 Ether,suicide
0x4a8d3a662e0fd6a8bd39ed0f91e4c1b729c81a38,Apr-09-2018 07:14:09 AM,Oct-18-2018 07:47:31 PM,41,0.467649445 Ether,suicide
0xc24edcd9581b47bc64102db78807d0fb0c296761,Feb-27-2018 03:22:31 PM,Mar-28-2018 11:42:02 AM,2,0 Ether,suicide
0x242eb160b8010c10a29c35b3381a8b7eac99fda1,Dec-09-2018 10:00:37 PM,Feb-22-2019 01:03:04 PM,9,0 Ether,suicide
0x8b548505babfd983fc45210499b44e340bb85d76,Feb-03-2018 12:23:45 PM,Feb-05-2018 12:43:04 PM,940,0 Ether,suicide
0x04ebe325519223119ab6bde2b84e23a6ecd05d65,Aug-23-2017 03:05:36 AM,Aug-23-2017 03:45:08 AM,14,0 Ether,suicide
0xc96f23a166c2cb107230a85371abf28c144aa793,Sep-03-2018 04:54:32 PM,Mar-17-2019 08:52:46 PM,4684,0 Ether,suicide
0xd9f7cd813983bd89d18015cc3022f7b9b97d26d4,Oct-18-2016 11:52:11 PM,Oct-18-2016 11:58:43 PM,2,0 Ether,suicide
0x38acc6c57f3fea1d9dbffb395f3f7c3143f0d749,Mar-01-2018 09:46:28 AM,Mar-04-2018 09:30:05 AM,3,0 Ether,suicide
0x2c9eb11db6b0dcb18fe8644003ee53f6b4588341,Mar-03-2018 10:32:21 AM,Mar-17-2018 12:26:07 PM,3,0 Ether,suicide
0xc67e520f6ff27552411c458cf3cf6a920dbd0832,Apr-22-2018 06:27:54 PM,Nov-25-2018 07:04:32 PM,5,0 Ether,suicide
0xb23fecec4202b868c228ac0a59cc12a9f93bd605,Aug-03-2017 07:55:14 AM,Aug-07-2017 06:58:19 AM,14,0 Ether,suicide
0x20d7d4b07a2dcefe1bd99ac11eae2f5a8218e454,Sep-17-2017 11:45:54 AM,Sep-17-2017 12:51:21 PM,4,0 Ether,suicide
0x7b4700f2a2e0765aab00b082613b417cecd0f9f0,Nov-28-2016 09:59:05 AM,Dec-01-2016 10:25:11 PM,17,0 Ether,suicide
0x8cce51969a93ee5235e5955b8e3d649db7f10b81,Nov-15-2018 11:41:23 PM,Feb-01-2019 12:54:59 PM,3,0 Ether,suicide
0x04baddfb21723ec467e9993b715c5e0d673bac96,Feb-23-2018 11:11:11 PM,Feb-27-2018 09:01:01 PM,7,0 Ether,suicide
0xda8fe472e1beae12973fa48e9a1d9595f752fce0,Aug-26-2017 06:34:50 PM,Sep-12-2017 06:33:46 PM,107,0 Ether,suicide
0xbcb2797f9a74d9099d6077c743feb3bc812eb2a4,Mar-28-2017 11:18:08 PM,Jul-23-2017 01:52:14 PM,12,0 Ether,suicide
0x38ca499bb3b405fcc4a9cfc9d1c119f0bcf05e6f,Jun-12-2018 01:42:43 AM,Jun-12-2018 02:02:35 AM,4,0 Ether,suicide
0xb43b5be03416ca16f7b9749c6aba818538dcc032,Sep-13-2017 09:16:36 PM,Oct-13-2017 03:18:13 PM,76,0 Ether,suicide
0x877027340a137d64d70bfb938c4350ee64fb45d0,Jun-05-2017 03:29:50 PM,Jun-05-2017 03:43:45 PM,3,0 Ether,suicide
0x0bf0872390a94c15aaa2865a2f9d8dec90b0af6c,Apr-15-2018 02:24:37 PM,Jun-09-2018 06:25:01 AM,50,0 Ether,suicide
0xd1ceeee3ecfff60d9532c37c9d24f68ca0e96453,Jul-07-2018 12:34:35 PM,Jul-20-2018 01:22:01 AM,706,0.01 Ether,suicide
0xa0f622ef461f118f3183487e37c8246f5cb72d88,Mar-16-2018 01:05:16 PM,May-29-2018 04:51:36 AM,2,0 Ether,suicide
0x7db19012b3d97f86c69bc275a717b006d8b2ebfe,Jun-21-2018 07:01:17 AM,Jul-03-2018 05:23:56 AM,79,0 Ether,suicide
0x7ff386aeabfb72a4339d5a1b3bf1a8d982c12bdf,Jun-09-2018 03:19:47 PM,Jun-09-2018 04:48:49 PM,4,0 Ether,suicide
0x3c8d169b305ab9c0e46f6bb1f07bc40abb1c8bf0,Dec-27-2017 08:01:46 PM,May-15-2019 12:52:58 PM,4,0 Ether,suicide
0x7a23687666b46cb674c2034e1bac94dcb5423dbd,Oct-31-2017 06:52:04 PM,Nov-16-2017 01:25:58 AM,8,0 Ether,suicide
0x33540976411534a8d96c715a4ff7f4392d2e52d1,Jan-29-2018 07:44:46 PM,Jan-29-2018 07:51:05 PM,9,0.047 Ether,suicide
0xf01b26626550448606de2b6e7eeda1216d9cd239,Mar-10-2018 03:19:48 PM,Mar-10-2018 10:17:31 PM,9,0 Ether,suicide
0x49516fe7bdc54b29a7f95ff55fdd38d9228e55af,Apr-27-2017 08:36:19 AM,Mar-20-2018 04:20:53 AM,9035,0.01 Ether,suicide
0x1b442a27fc37b5527ecd5c5ead301dac1638810d,Jan-23-2018 08:34:35 PM,Feb-08-2018 05:40:47 PM,22,0.01 Ether,suicide
0x1ebf20031b03b80e5f6fdbeb9f86d44145224006,Feb-28-2018 09:43:50 AM,Mar-04-2018 01:36:49 PM,4,0 Ether,suicide
0x2d5ffc14abcc10e11a354e29cb6ca343e33cd5bc,Aug-28-2018 05:42:05 AM,Sep-04-2018 08:05:45 AM,3,0 Ether,suicide
0x0c90eac84c64f67aae9ed41492e018036ac29549,Oct-16-2017 02:09:47 PM,Mar-13-2018 10:30:26 AM,5,0 Ether,suicide
0xf244176246168f24e3187f7288edbca29267739b,Mar-11-2018 09:19:21 PM,Jun-05-2019 04:59:37 AM,36836,0.0036 Ether,suicide
0xac5ce3f18806e27fe616734abb2506766fd7e0ec,Jun-16-2017 09:07:35 PM,Jun-16-2017 09:57:35 PM,2,0 Ether,suicide
0xa57a1377df22f3e6d9a520943e96fb3ccd2209bc,Aug-12-2017 01:39:55 PM,Sep-04-2017 09:51:36 AM,5,0 Ether,suicide
0x76a0238bd8db4ca6e17e9691e32a6626e202bfc0,Oct-30-2017 07:31:53 AM,Nov-05-2017 04:32:30 AM,6,0 Ether,suicide
0xf982d94c1077349fe8db61ef49ef0ba7c6e11774,Aug-21-2018 05:18:31 PM,Aug-21-2018 05:21:08 PM,2,0 Ether,suicide
0x781ff41238f6ed9974061b8ffd4059723f92f894,Jul-20-2018 02:03:28 AM,Jul-24-2018 07:38:25 AM,2,0 Ether,suicide
0x736fcb9221bc56a76116981d010d17a320d7ca73,Oct-03-2017 12:36:19 PM,Oct-26-2017 02:36:15 PM,5,0 Ether,suicide
0xd1ceeee6b94de402e14f24de0871580917ede8a7,Jul-11-2018 09:32:45 PM,Jul-11-2018 11:08:31 PM,19,0 Ether,suicide
0x6d66439c9cc75b69f9a40e82f34445081b8e929a,Jun-11-2018 03:31:08 PM,Jun-12-2018 09:10:11 AM,7,0 Ether,suicide
0x131288b47c92409d0778d0aa2fbb8367e3399d33,Nov-07-2016 07:17:45 PM,Nov-07-2016 09:52:37 PM,6,0 Ether,suicide
0x6abd2b75ff5f306a4d99bfab1ff84b57bb9d23e7,Aug-08-2016 08:48:07 PM,Dec-06-2016 12:20:39 PM,4,0 Ether,suicide
0xa0fefbecb3f5c36b683d03f280f2294e4b0eb5f4,Jun-05-2018 01:13:19 PM,Jun-06-2018 05:41:02 AM,2,0 Ether,suicide
0x8b9c51d1527ff7510b1646c4f63d98e33baae756,Dec-14-2017 07:28:39 AM,Oct-02-2018 09:16:26 AM,111,0 Ether,suicide
0x3dd88933a5fe25b32f881da51eaef8bffd3ab2d8,Aug-15-2018 06:40:43 PM,Aug-15-2018 06:44:55 PM,3,0 Ether,suicide
0xc0e6c996f3642c3ff3287ef01375fa7b72702797,Feb-25-2018 10:47:12 AM,Feb-25-2018 11:55:09 AM,3,0 Ether,suicide
0xea10e348a32d0e8984c4fec3735813777bc0cb5b,Aug-12-2017 08:57:49 PM,Aug-12-2017 10:00:42 PM,5,0 Ether,suicide
0xc013a9119b4aaef512b2338026183db9cd0c4029,Jan-02-2018 01:32:55 AM,Jan-04-2018 06:51:03 AM,4,0 Ether,suicide
0x0b4abe9e916e9c00cc80c4c473386d1116d5bd8e,Jul-13-2017 09:00:07 PM,Jul-13-2017 09:05:43 PM,3,0 Ether,suicide
0x0aaf8865a6cbf417e7ad51fe71fe60f1a0c192f8,Aug-18-2017 01:12:39 PM,Feb-15-2018 01:10:35 PM,17,0 Ether,suicide
0xffcf7f75602157e36fbe09047e7fafaf69e530e8,Oct-10-2018 08:43:47 AM,Oct-30-2018 01:29:55 PM,157,0 Ether,suicide
0x4129c45b929cdb787deaae3d0e27ba5b5cd3e3ca,Jun-30-2018 09:47:06 PM,Jul-04-2018 01:59:07 AM,4,0 Ether,suicide
0x4aa19497b46cc408902778bd36c4fab48b09fac8,Nov-23-2018 09:22:37 PM,Dec-26-2018 04:47:31 PM,5,0 Ether,suicide
0xfef6b3409daf6f372598bb13547d69596f8962d9,Dec-04-2018 09:33:52 AM,Feb-26-2019 09:19:44 AM,2054,0 Ether,suicide
0x26b5962250b779ab0f33970738a46fcfb00a70b9,May-03-2018 09:33:31 PM,May-07-2018 08:15:22 PM,11,0 Ether,suicide
0x4d32df060c8cb4aa1851830110a0a4dc96692371,Sep-19-2018 05:51:43 AM,Sep-19-2018 10:23:09 AM,14,0 Ether,suicide
0xce650cb2ad12cb4cff730a12524ed9402467a244,Nov-05-2018 05:05:26 AM,Nov-28-2018 03:57:19 AM,39,0 Ether,suicide
0x461e0079f693160ca702483f282af4ed8971d1c8,Apr-04-2018 02:48:54 PM,Apr-04-2018 02:53:46 PM,2,0 Ether,suicide
0xf4f5683bc45bb1b3a3c61bb458006682d29d08a5,Aug-24-2017 09:17:25 PM,Aug-25-2017 01:21:27 PM,17,0 Ether,suicide
0x5f939a81b13b5490a66a3b58fde465ff2ab8684e,Jul-28-2017 08:36:05 PM,Oct-14-2017 10:20:06 PM,8,0 Ether,suicide
0x6760a96e5c3c84227565aa51727226a057977bf9,Mar-30-2018 04:52:24 PM,Mar-30-2018 07:39:41 PM,12,0 Ether,suicide
0x7e0f4a1d28228cdc3079bca1e1668fb18ddbc995,Jun-07-2018 07:18:51 PM,Jun-11-2018 06:43:49 AM,79,0 Ether,suicide
0xb31820c1d84e183377030b6d3f0e1ee5c1cff643,Aug-19-2018 06:02:07 PM,Aug-20-2018 12:15:44 PM,11,0 Ether,suicide
0xf6c61cb3b0add944ac53c9c2decaf2954f0515cb,Feb-27-2018 09:12:10 PM,Mar-04-2018 01:34:03 PM,3,0 Ether,suicide
0xb7ec5cadc507b70f424f06ac0c5265a5badb35aa,Jul-20-2018 06:51:35 AM,Jul-27-2018 02:37:37 PM,95,0 Ether,suicide
0x13b87fb8e6152032fd525f64f158c129a230b6ee,Feb-27-2018 09:52:01 AM,Feb-27-2018 09:05:59 PM,3,0 Ether,suicide
0xd7e3c6d99bc2ccdb6fe54b8a5888d14319e65c36,Feb-19-2018 09:17:38 PM,Mar-04-2018 01:25:17 PM,6,0 Ether,suicide
0xeb4245c88c660ae4ee23c76954e5490ccd7bbd82,Sep-01-2017 11:01:27 PM,Nov-18-2017 09:38:08 AM,8,0 Ether,suicide
0x01b21934ba28dfd8a22c4d21c710290500a5081f,Feb-26-2018 07:16:25 PM,Mar-04-2018 01:28:15 PM,9,0 Ether,suicide
0x75e494f8a92ad1daa4fd6e78cbac33f84c2f25b9,Aug-12-2017 07:28:05 AM,Aug-14-2017 05:48:31 AM,5,0 Ether,suicide
0x3f167627de4d2108d2f30407af5890f5154313a7,Oct-24-2018 02:00:02 AM,Nov-08-2018 05:01:32 PM,263,0 Ether,suicide
0xd0e72b788adb8775b04602c2d17b37d942fa1365,Dec-03-2018 06:39:13 PM,Dec-04-2018 03:20:53 AM,4,0 Ether,suicide
0x33f00114d5aca3dee03189d4ed9d4f886dad84b0,Jan-31-2018 12:59:05 AM,Jan-31-2018 02:38:17 AM,4,0 Ether,suicide
0x9d31a523718e06f630de0757538f4fb2e2adeb35,Dec-07-2018 02:24:38 AM,Dec-08-2018 01:29:11 PM,25,0 Ether,suicide
0xd1ceeeef70c61da45800bd81be3352160ad72f2a,May-07-2018 08:06:54 PM,Jul-09-2018 07:56:31 AM,5120,0 Ether,suicide
0x2f976a5382c0c6214b3d8fe6bdc5379edd35d9d4,Mar-09-2018 10:40:36 PM,Mar-10-2018 12:43:25 AM,2,0 Ether,suicide
0x230b529e4fb71227266965084c76e7d0ffd4e44f,Sep-21-2018 08:29:35 AM,Sep-21-2018 09:48:41 AM,24,0 Ether,suicide
0xc03b0dbd201ee426d907e367f996706cf53b8028,Feb-10-2018 08:25:41 PM,Feb-11-2018 10:03:00 PM,11,0 Ether,suicide
0xa935a7d31c680344426bd5d3dc94fb65d1da3c31,May-07-2018 01:42:07 PM,Jun-10-2018 09:35:28 PM,700,0 Ether,suicide
0xf886c9d089103f9af130c857bd58cc56f4b989b7,Aug-12-2017 10:02:49 PM,Aug-11-2018 04:06:23 AM,15,0 Ether,suicide
0x2ed2a3a09568c8d16f1f3d03eeb1d1ea96e4a4dd,Jul-26-2018 08:40:22 PM,Jul-27-2018 06:07:50 PM,4,0 Ether,suicide
0xed846c2962df064b6fecc7029bc5cd366699cc7f,Jun-19-2018 03:58:19 AM,Jun-19-2018 04:27:11 AM,5,0 Ether,suicide
0x32f14d71499fc2c1482eb275ec83ce5fb1d6c7ec,Mar-13-2018 09:04:36 AM,Feb-10-2019 04:01:30 PM,5,0 Ether,suicide
0x615d2c5155ea9841f2a926c3a4953d140d407c99,Mar-31-2016 10:04:15 PM,May-20-2016 11:39:38 AM,16,0 Ether,suicide
0x777b8a88ab35d3bcc98bf485f5b5c6f83adcfe5e,Sep-30-2017 12:57:02 AM,Sep-30-2017 01:05:17 AM,2,0 Ether,suicide
0x675283432d53531e11ed459c51fb508b7c9585fb,Nov-23-2016 07:46:34 AM,Nov-24-2016 08:08:33 AM,8,0 Ether,suicide
0x98ab4a70bf27afad6e0e88464cbffc524e7daf6b,Nov-19-2018 08:24:40 AM,Dec-28-2018 06:14:51 PM,2,0 Ether,suicide
0x6f952d7acaa2dffaecfe34d064ed5b46fcc59664,Feb-08-2018 09:45:56 AM,Feb-14-2018 08:52:07 AM,7,0 Ether,suicide
0x3fa625d43dcb44f388ccb922a611e3884dbc0825,Jun-19-2018 01:06:23 PM,Jun-25-2018 08:37:16 AM,142,0 Ether,suicide
0x92a92648bd788dcaa086773c975d928b4a60a182,Sep-03-2017 03:31:27 PM,Sep-03-2017 03:42:51 PM,4,0 Ether,suicide
0xd075c653f552068951fa83dc9ace50726f8cb5c1,Sep-17-2018 05:37:21 AM,Oct-16-2018 02:15:51 AM,124,0 Ether,suicide
0xad4c4ff144e42c73b6333b75af3cee5af901c10e,Nov-14-2017 11:08:26 PM,Nov-18-2017 09:49:23 AM,65,0 Ether,suicide
0x17f0badcdf99b0a94429478d2e9ddb1ff13174f7,Mar-03-2018 12:29:52 PM,Mar-04-2018 08:21:17 PM,10,0 Ether,suicide
0xb47dfdb1f3adb1b193dc4057d309c9dbe7ee4a56,Sep-04-2018 08:12:52 PM,Sep-29-2018 01:29:43 AM,4,0 Ether,suicide
0xc726ac92955fc07ad09c5af4827418f581e37017,May-08-2016 01:08:00 AM,Aug-21-2018 08:13:37 AM,15,0 Ether,suicide
0x2f57384ea701c9d84d6ba0b6d00eecb4ae9fb0f5,Dec-07-2017 12:15:13 AM,Dec-07-2017 04:00:01 PM,4,0 Ether,suicide
0x71b7e3a3ff05224c1e38031b3d887657db565a20,Aug-14-2018 09:40:39 AM,Apr-02-2019 09:23:37 AM,14,0 Ether,suicide
0x86ad220d9fee817847f03876986e6626f676b7cb,Mar-24-2017 06:47:56 AM,Mar-24-2017 10:14:18 PM,7,0 Ether,suicide
0x3127e409438c651f378881d1df6e4972d6f29150,Aug-22-2017 05:58:27 PM,Aug-22-2017 07:29:14 PM,11,0 Ether,suicide
0xd77c717b04d056902e6304c9be464d12aefb9db6,Jun-28-2016 04:48:03 PM,Jun-28-2016 05:22:56 PM,6,0 Ether,suicide
0x9ef2767b5c265cd032a94601203639abcd9cb92f,Oct-30-2017 08:09:57 AM,Nov-05-2017 04:43:25 AM,6,0 Ether,suicide
0x741f1923974464efd0aa70e77800ba5d9ed18902,Feb-10-2018 10:45:41 AM,Feb-11-2018 02:53:17 PM,7,0 Ether,suicide
0x863df6bfa4469f3ead0be8f9f2aae51c91a907b4,Jul-20-2017 04:39:46 PM,Nov-21-2018 05:02:27 AM,28,0.002524159265358979 Ether,suicide
0x253526a4c4da7f77166033481f14ccc2ca18a606,Aug-14-2017 04:43:42 AM,Aug-14-2017 06:50:54 AM,4,0 Ether,suicide
0x807a3ef8a8dbdd7fc9863df695bbe8691e450e8e,Feb-08-2017 01:58:16 AM,Mar-11-2017 07:55:47 PM,169,0 Ether,suicide
0xece0429a5130ebe0616363939067eefca4fbaceb,Dec-27-2018 09:08:47 AM,Dec-31-2018 03:15:26 AM,5,0 Ether,suicide
0x7bf5a0802a5eb74883806e60600290f53da339e1,Aug-05-2018 05:19:19 PM,Aug-06-2018 04:39:44 AM,5,0 Ether,suicide
0xbbd7b196d8ce1f56b2901145b3fcfc42cded5596,Jan-11-2018 03:41:14 PM,May-29-2018 03:25:27 AM,4690,0 Ether,suicide
0xaaeb3fe6a763f050f3ba384e8f8fcafa04bf44bc,Feb-25-2018 04:52:51 PM,Apr-10-2018 03:37:00 PM,19,0 Ether,suicide
0x08d698358b31ca6926e329879db9525504802abf,Jul-08-2016 09:56:47 PM,Oct-12-2016 09:46:57 AM,6,0 Ether,suicide
0xa9659531a174390b6921ffd540365bbb02297f10,Jun-28-2016 06:07:27 AM,Jun-28-2016 06:23:35 AM,4,0 Ether,suicide
0x68662fae9167d1e3eb6fd0ed7c416826faa20b0c,Feb-17-2017 10:34:13 PM,Feb-19-2017 09:03:42 AM,2,0 Ether,suicide
0x67fe84a2f69ad442b3940da39cc31b185b6c4ec6,Jan-07-2019 07:12:29 AM,Jan-07-2019 09:59:12 AM,7,0 Ether,suicide
0xf77cead5b85f379aa7b9031a842ccd903d7966a7,Sep-06-2017 12:01:36 AM,Dec-21-2017 08:25:42 PM,54,0 Ether,suicide
0x96b709bbc1454716857605db9c942544668af79b,May-31-2018 04:23:19 AM,Jun-04-2018 12:43:34 PM,6,0 Ether,suicide
0xcc27ce64cf6f807cebfac616ccfe512641fa503d,Mar-16-2018 07:05:22 PM,Feb-10-2019 06:50:55 PM,5,0 Ether,suicide
0x6e49e54e2eee9213d9272eb0ef09b863c2d7f9d5,Jul-16-2018 06:49:20 PM,Feb-26-2019 09:19:44 AM,4996,0 Ether,suicide
0xe5ad91cf8999e099fd9aa5d9399bff3d0a6f7612,Feb-20-2018 08:07:53 AM,Apr-16-2018 08:26:16 AM,3,0 Ether,suicide
0x5cfa2f4ff77bbd15d6415e33c16c2c85096cce4a,Oct-01-2017 05:39:32 AM,Oct-06-2017 01:23:23 PM,22,0 Ether,suicide
0x650734bfd0465b7c6cd2932ea555e721308fd0b3,Feb-09-2018 09:36:15 AM,Feb-09-2018 11:54:17 PM,24,0.00001 Ether,suicide
0xe76c8e784e2ba2e15e9a520c17e2dc7f9455aa3a,Nov-12-2017 05:44:57 PM,Nov-16-2017 12:15:23 PM,2,0 Ether,suicide
0x4b2ca6b25e063d8dce5bd862f99669a67ec44c9d,Dec-17-2017 08:55:42 PM,Dec-19-2017 08:36:27 PM,7,0.0014285714285714 Ether,suicide
0xdac4f0d74592012eb4baeb608b1992ffe5cc537a,Jun-09-2018 12:10:58 AM,Aug-15-2018 08:08:30 AM,34,0 Ether,suicide
0x9fadbdac1b57b08381e74a3591b84a138102dc23,Aug-23-2017 01:19:59 PM,Aug-23-2017 07:42:52 PM,12,0 Ether,suicide
0xaf531dc0b3b1151af48f3d638eeb6fe6acdfd59f,Jun-19-2018 02:07:15 PM,Jun-21-2018 12:36:15 AM,6,0 Ether,suicide
0x9ffe3a0864cce4995a6b385b99de3644cc8d2483,Aug-31-2017 08:14:14 PM,Sep-01-2017 04:44:47 AM,7,0 Ether,suicide
0xe18c9465e6ed5cb3c58a316b990e0d17fb946eca,Apr-20-2017 05:15:34 AM,Apr-22-2017 08:03:57 AM,7,0 Ether,suicide
0xd8f960a98524ccd3194bcd30a714e3c4e387da01,May-10-2017 02:07:55 PM,Jul-18-2017 01:21:58 PM,18,0 Ether,suicide
0x848217a9569ca64fffba9d000cda05f9d2fa97f5,Oct-26-2017 12:33:46 PM,Oct-26-2017 02:31:14 PM,7,0 Ether,suicide
0x0851185501ba44e84fd8af13ade44846f00890b7,Mar-03-2017 10:55:56 PM,May-03-2017 08:47:05 PM,254,0 Ether,suicide
0xa1e70923902524faf901a3978f499908f689d114,Mar-25-2018 06:04:24 AM,Apr-06-2018 08:56:47 PM,186,0 Ether,suicide
0xebf8a19a681089bf9ea3c5583afa3479040e739e,Mar-16-2018 07:01:30 AM,Mar-31-2018 11:25:49 PM,5,0 Ether,suicide
0x2dd78551c49d739c4a0ae80e4f863e74be39e1cb,Apr-24-2017 10:21:08 AM,Apr-24-2017 10:33:33 AM,6,0 Ether,suicide
0x678042580304a7f32dd03b027d90083818dc16a1,Nov-07-2017 07:43:50 AM,Nov-07-2017 06:57:38 PM,2,0 Ether,suicide
0x11606995338d83acabcd06babaf4cdad66c73140,Feb-20-2018 10:13:11 PM,Feb-25-2018 12:06:51 PM,352,0 Ether,suicide
0xe6e1c5ec0b5b1c5e8e61bf39a87a8d7775e47adc,Dec-05-2018 08:36:43 AM,Dec-07-2018 03:13:50 AM,28,0 Ether,suicide
0xa661d30ed10195a946a73d299645678338807ecb,Aug-15-2018 05:58:01 PM,Aug-16-2018 10:51:12 AM,9,0 Ether,suicide
0x2b34ebda72bade6e6e91883ca67eb23484b045fb,Feb-26-2018 07:15:46 AM,Feb-26-2018 09:58:00 AM,8,0 Ether,suicide
0xcaaca224e35d0a1fa3304a3c4ec8beb5f28a99aa,Apr-09-2016 11:48:04 AM,Apr-09-2016 12:18:04 PM,6,0 Ether,suicide
0xfabe292d8019bfa02e5fead2c78ef71a1bf35ce8,Nov-07-2016 06:51:42 PM,Nov-07-2016 07:22:31 PM,6,0 Ether,suicide
0x74ef774c26761ca9c543fbcd0a6060bbb52caaf0,Dec-13-2018 08:51:03 AM,Dec-13-2018 03:17:12 PM,11,0 Ether,suicide
0xacb8a40073d0a7e041b29381debcafc2b538cd7c,Sep-26-2017 03:52:24 AM,Sep-29-2017 12:15:32 AM,8,0 Ether,suicide
0x9bdf84b97c7eb4d61f3bd424d685bd54e83b61dd,Apr-06-2018 01:22:28 AM,Apr-06-2018 01:45:33 AM,7,0 Ether,suicide
0x395cf3ecd8794e9b2c58c2fff0e3d9e58f939319,Apr-24-2017 02:24:24 AM,Apr-24-2017 05:43:56 AM,10,0 Ether,suicide
0x726ba175035aa622c3c12b74efc577bb1081593a,Aug-28-2018 10:35:38 PM,Sep-03-2018 03:07:29 PM,2,0 Ether,suicide
0x5cee173ee3a9568a4d66d882d78fdf5724251e82,Apr-06-2018 08:33:59 PM,Aug-03-2018 03:48:50 AM,364,0 Ether,suicide
0x99b34122d26e9693070e0cc43accdcfa77339dca,Sep-19-2018 10:39:27 AM,Sep-27-2018 08:47:53 AM,9,0 Ether,suicide
0x837e2f52db5017316adee47aa171d56e2c8af2af,Sep-22-2018 11:21:32 AM,Sep-24-2018 02:23:12 AM,27,0 Ether,suicide
0xc0f29798c57e890cac82a79dadbebfb3d3fa67b9,Oct-23-2017 08:22:02 PM,Feb-10-2018 05:44:50 AM,80,0.0000041500000061 Ether,suicide
0x2d04a81798ec74de48e09e3fd43ca41757d33e6a,Apr-10-2018 07:47:08 AM,Apr-24-2018 06:49:53 PM,535,0 Ether,suicide
0xc80143a2ffb9620ffc7e2e241bc8cec34599bd52,Jul-22-2018 01:07:22 PM,Dec-13-2018 10:32:33 AM,8,0 Ether,suicide
0x25e41ae4b247baaae702cdc909d50fd14b2db7ea,Feb-15-2018 11:58:06 PM,Apr-07-2018 03:12:03 PM,264,0.1 Ether,suicide
0xb8842b95a9c0cdbd4c0d6e0319b8d46792830677,Aug-11-2017 05:47:21 AM,Aug-13-2017 01:26:43 AM,3,0 Ether,suicide
0x216f7bd792bf74c9977ac1bb3967626eb2e0cf1c,Feb-01-2018 01:47:05 AM,Feb-05-2018 11:07:14 AM,5,0 Ether,suicide
0x2f2f25ee6a102272a484fa85388f0206ec7b0668,Oct-24-2017 07:05:29 PM,Oct-28-2017 12:25:33 AM,14,0 Ether,suicide
0x0a9b9d976de8e09f0b57d1d7f344abe77925145c,Aug-25-2017 05:00:56 PM,Aug-25-2017 06:25:59 PM,9,0 Ether,suicide
0xb6688c6cadb7d8e0f76ed6b2a2f5525635d11fa8,Jul-06-2018 05:34:28 PM,Jul-11-2018 03:06:31 PM,4,0 Ether,suicide
0xeb84356cd552869cf60b7e5e164f681bfee92cde,Mar-31-2018 08:40:05 AM,Mar-31-2018 10:28:20 AM,28,0 Ether,suicide
0x0248f089a622b74cebaa62573605af9a44966bf1,Aug-23-2017 11:11:43 PM,Aug-24-2017 09:40:11 AM,5,0 Ether,suicide
0xc7251bb5c96cf034213b9ed82fc964ed78e97f0c,Oct-01-2018 02:05:59 PM,Feb-22-2019 01:00:40 PM,3532,0 Ether,suicide
0x3a40128e156909bcb44e0750923e61bc5f30be27,Feb-16-2018 1:46:51 AM,Apr-09-2018 12:36:24 AM,2,0 Ether,suicide
0x0ce36bad60211b40575ac03c0a4d06cccff44614,Oct-21-2018 04:26:11 PM,Nov-08-2018 02:27:47 AM,19,0 Ether,suicide
0x8316b95945abdbc15fb7736c1620e9904cd1d9e5,Apr-24-2017 04:05:43 AM,Apr-24-2017 05:43:56 AM,11,0 Ether,suicide
0xf37aa5f945688488056f32112267570517bbc303,Sep-26-2018 12:11:36 PM,Oct-11-2018 08:44:03 AM,81,0 Ether,suicide
0x4df6de08d11f11ebad5d9e136b768849426fb8a7,Apr-26-2018 09:58:06 AM,May-31-2018 10:25:35 AM,32,0 Ether,suicide
0x9f69b9ef74669262f55cca4650add92ae6a56349,Sep-09-2018 01:54:48 AM,Sep-09-2018 02:32:55 AM,3,0 Ether,suicide
0x5fc01e928ca7a4aeafae67e6565887c4da7feb4f,Nov-24-2017 10:45:34 PM,Nov-25-2017 06:06:28 AM,3,0 Ether,suicide
0x61cca6c941c6629df67439694889c2d1877a17eb,Oct-18-2017 07:57:08 PM,Oct-21-2017 07:43:20 PM,5,0 Ether,suicide
0x5c8546a7b86ba30202c09a84f5a72644a2a4f7ba,Jun-10-2018 02:00:49 AM,Jun-10-2018 01:23:40 PM,5,0 Ether,suicide
0x23279920c2e84c337058c3aebc49e907481cc61f,Sep-19-2017 10:33:05 AM,Sep-28-2017 8:50:05 AM,2,0 Ether,suicide
0x6805661283c64a79323d187f9d6b2ca4dae59fd0,Mar-20-2018 08:05:26 AM,Feb-10-2019 03:14:49 PM,5,0 Ether,suicide
0xd6ad91e5626e76b4d4f8a3b2019294b29df58167,Jun-04-2018 10:32:03 AM,Jun-11-2018 03:21:39 AM,12,0 Ether,suicide
0xb69d539c777e7793fda30f31633de321e8fee613,Apr-24-2017 11:02:48 AM,Apr-24-2017 11:21:04 AM,6,0 Ether,suicide
0xbc9ccc8a46d424de38b2e4df5f4a5001321c5d4c,Apr-07-2017 08:12:45 AM,Apr-27-2017 11:22:47 PM,4645,0 Ether,suicide
0xde769a44d090c056e7f08436bbd422d0e4d45317,Apr-08-2017 10:46:50 PM,Apr-09-2017 02:11:38 AM,7,0 Ether,suicide
0xd4342df2c7cfe5938540648582c8d222f1513c50,Feb-07-2018 03:36:29 PM,Feb-08-2018 04:53:30 AM,11,0 Ether,suicide
0x5b6f03513fef300f8b3d804ea4040abdee1f3aa2,Mar-31-2018 10:24:47 AM,Mar-31-2018 04:18:53 PM,143,0 Ether,suicide
0x1224d9f931417c8891249f829b411aa943f8ee98,Dec-01-2018 10:50:58 AM,Dec-01-2018 11:24:47 AM,2,0 Ether,suicide
0xda9378ae021239378752acfb1821bb6ed9309371,Feb-28-2018 11:32:31 AM,Mar-13-2018 09:05:21 AM,6,0 Ether,suicide
0xfafac683338ed169b7707cb7c0487b2cb9f81e77,May-14-2018 11:25:59 PM,Jul-16-2018 09:37:50 AM,185,0 Ether,suicide
0xb57acd47240599d0c68f14892dd05441af67e2d3,Mar-31-2016 10:00:35 AM,Mar-31-2016 12:36:11 PM,6,0 Ether,suicide
0x6027db275318fe43ee284e5d7dc1f6c4f72cf28a,Apr-07-2018 09:55:32 AM,Jun-05-2018 10:25:58 AM,3,0 Ether,suicide
0x91d0013742c6a6a033d46ac9da7b5e0416c35e24,Feb-16-2018 07:59:02 AM,Feb-21-2018 01:50:43 AM,2,0 Ether,suicide
0x555d371d8364cbf4deaac794133ed7ec76d22413,Dec-27-2018 06:07:10 AM,Dec-27-2018 09:16:17 AM,5,0 Ether,suicide
0xf5c3086d42cb2857ad5f52c134fc3e698e8e9edd,Oct-20-2017 10:54:10 AM,Nov-08-2017 10:58:21 PM,111,0 Ether,suicide
0x5ec71419f100642130e596c352d93dea7589a31f,Aug-30-2018 02:11:22 PM,Sep-04-2018 11:46:26 AM,12,0 Ether,suicide
0xd1dd24d4bcba675ee2c2d7ed841a2d63ed9654a2,Apr-14-2017 05:50:06 AM,Apr-22-2017 08:08:20 AM,10,0 Ether,suicide
0xd186865848ed869932032d00f54998a7d0581117,Jun-06-2018 06:51:57 AM,Jun-10-2018 03:31:48 AM,7,0.02 Ether,suicide
0xb2f6ebe8e606e7b18c78b19a3c5969618fa599da,Sep-03-2017 10:04:12 PM,Mar-02-2018 10:37:44 AM,2146,0.02071 Ether,suicide
0x22f83d39a2148dd389ed4c7a9280f57d5c8679da,Jun-28-2016 05:35:01 AM,Jun-28-2016 05:53:51 AM,5,0 Ether,suicide
0xe3ac32bbf9e3661c3aff4ee2f80706abaf7c7ea6,Nov-21-2017 01:05:46 AM,Jan-06-2018 11:04:43 AM,47,0 Ether,suicide
0xcc4bb7948ac97b0dd8857552a69893cd0f03ee17,Dec-20-2017 12:04:18 AM,Dec-20-2017 04:03:08 PM,3,0 Ether,suicide
0x705f04a4f1e7a1e23caea390b8903bd43d96e18e,Jul-01-2016 03:08:50 PM,Jul-01-2016 04:34:11 PM,2,0 Ether,suicide
0xb5aff01f3e820735fac9abb594dc9993cb9e5bd2,Apr-07-2016 09:10:40 AM,Sep-03-2018 11:46:34 PM,76,8.010001007777777777 Ether,suicide
0xc4c89dd46524c6f704e92a9cd012a3ebadadff36,Apr-21-2018 10:26:38 PM,May-03-2018 05:05:23 PM,2,0 Ether,suicide
0x01d6208f95cf2292c350fc8bb1b1f29230352675,Jun-11-2018 03:44:58 PM,Nov-16-2018 02:41:35 AM,34,0 Ether,suicide
0xdf861993edbe95bafbfa7760838f8ebbd5afda9f,Nov-20-2018 12:49:58 AM,Nov-20-2018 12:51:35 AM,2,0 Ether,suicide
0x58ea969c48d5d12dad1210d8482af7f69d53f6fe,Oct-10-2018 06:03:42 AM,Nov-07-2018 07:18:26 AM,14184,0.1 Ether,suicide
0x36b14bae0989f65f80892b99a55378d3e1a80c81,Mar-09-2017 06:32:58 PM,May-11-2017 03:04:14 AM,5459,0.1 Ether,suicide
0xb7b46129c580d8bb4f643ec29130a99e0593a696,Sep-03-2017 08:41:21 AM,Sep-03-2017 09:06:45 AM,2,0 Ether,suicide
0x07f5ddd0868782c86d7f1a86ab321a8db2c766fa,Nov-26-2018 03:37:08 PM,Dec-30-2018 08:19:52 AM,6,0 Ether,suicide
0xc0ffee60fc383278fc94885d7f7584977bfa00aa,Jun-02-2017 05:46:42 PM,Jul-25-2017 08:29:42 AM,9,0 Ether,suicide
0x131a76478d2eef5ceaa28e93030eb8a8894ad811,Aug-18-2016 12:53:21 PM,Oct-12-2016 10:57:15 AM,4,0 Ether,suicide
0x00e52182be36a55161fe40b19a4c29eef0017019,Feb-16-2018 08:05:14 PM,Feb-16-2018 08:05:14 PM,1,0 Ether,suicide
0x16163229926aad97318fac28c8d06101954ad732,Aug-12-2016 11:00:45 AM,Oct-12-2016 10:45:08 AM,4,0 Ether,suicide
0x69a8d2808c0fbf3ccf7c8dcb22773491e724ab4a,Oct-26-2017 06:57:12 AM,Oct-26-2017 11:02:41 AM,7,0 Ether,suicide
0xae42990ad29747c9ab0c16098b8c5393e53c6abe,Aug-26-2016 01:23:23 PM,Oct-12-2016 10:57:15 AM,5,0 Ether,suicide
0x2a7e1f7932240a1e0609b4b993933649163d8755,Apr-28-2017 02:59:34 PM,Apr-28-2017 10:55:01 PM,24,0 Ether,suicide
0xdaab8a09aed3b98df4fffef85e78cd6f513de7d0,Nov-07-2017 04:00:06 AM,Nov-07-2017 05:56:33 AM,5,0 Ether,suicide
0x28e0d54349c00607505aadc713147140fb60ea12,Nov-22-2018 06:52:54 AM,Nov-22-2018 09:45:48 AM,3,0 Ether,suicide
0x75738fc16aef19ce08479ae9c7976498dd320be3,Feb-03-2018 11:51:59 PM,Feb-04-2018 12:06:39 AM,4,0.0101 Ether,suicide
0x9168fdc9f9db7b71865fe4bfd6f78b3610ebc704,Jun-09-2018 08:06:45 PM,Jun-09-2018 09:33:35 PM,6,0 Ether,suicide
0xd7cf8eae66f26e13a400772a054b19fb3d98c269,Nov-11-2017 06:45:02 AM,Nov-14-2017 10:01:44 PM,33,0 Ether,suicide
0xa88146aed78cba4a98eb7f6c25158587a9e49544,Nov-12-2016 01:40:53 PM,Nov-12-2016 01:53:53 PM,4,0 Ether,suicide
0xf7f6b7164fb3ab456715d2e8b84e8baac8bd09a9,Mar-20-2018 04:13:34 PM,Mar-26-2018 08:31:26 PM,156,0.005 Ether,suicide
0x2a8c1742603cfa9ab2b300b6f0ffc46f49d35f32,May-14-2018 02:52:30 PM,May-14-2018 09:52:14 PM,2,0 Ether,suicide
0x7585359453bf5d2f7c2fe74e4db4530403ab0c10,Feb-21-2018 12:40:05 AM,Feb-28-2018 03:38:14 PM,21,0 Ether,suicide
0x4f2875f631f4fc66b8e051defba0c9f9106d7d5a,Feb-22-2017 12:16:06 AM,Nov-08-2017 07:39:23 AM,11,0 Ether,suicide
0xd8be633339d08eca913d7d8a05806ef37a896ef2,Jan-29-2018 09:24:46 PM,Jan-29-2018 09:36:27 PM,3,0 Ether,suicide
0x3c311b5e2d475243097ae008b5cc52dd49c095ee,Sep-07-2018 06:56:12 PM,Sep-26-2018 03:13:07 PM,10034,0 Ether,suicide
0xaa93338ef3b64a50dcfb2eba57a1eb4ad59d955b,Dec-07-2016 05:08:14 AM,Dec-10-2016 02:03:56 AM,4,0 Ether,suicide
0x0769ab44969d29bbc79ae0f57af5477496419ceb,Oct-01-2018 11:28:25 AM,Nov-30-2018 01:46:19 PM,123,0 Ether,suicide
0x58dfcfbd7955a67287eb0e4ba38a233c6f0f8012,Feb-05-2018 05:04:07 PM,Feb-25-2018 06:21:09 PM,10,0 Ether,suicide
0x40360631db85eddab268dd1b6ffea4377733e125,Nov-25-2016 10:24:14 AM,Nov-25-2016 01:15:59 PM,12,0 Ether,suicide
0xdf35d37907d70b896dd602e71b6e22339f0c62d9,Sep-01-2017 07:48:54 PM,Nov-14-2017 12:18:29 AM,4,0 Ether,suicide
0xbbc083f213a151a552876b09372a9f98600592f2,Oct-24-2018 02:31:58 AM,Nov-07-2018 07:00:17 AM,928,0 Ether,suicide
0x1f7725942d18118d34621c6eb106a3f418f66710,Feb-23-2018 09:49:13 PM,Mar-01-2018 08:27:06 PM,11,0 Ether,suicide
0x78c9e50652d9c9bc038151c39bfbee0fe2a1fe4b,May-21-2018 12:52:48 AM,May-21-2018 02:38:16 AM,10,0 Ether,suicide
0x34858eb7aa12242681810dfbea4dc8e9a239f7bd,Oct-01-2018 12:05:47 PM,Feb-22-2019 01:00:10 PM,3537,0 Ether,suicide
0xfb072e58741738fc26e86d2c49db3179ea8d5d55,Mar-20-2018 07:07:03 AM,May-07-2018 07:47:53 AM,2,0 Ether,suicide
0x0d93b0188b86eae82201751c696b6bc0f96881f9,Aug-16-2018 04:08:56 PM,Aug-26-2018 11:42:08 PM,16,0.42320446312312 Ether,suicide
0x85d3addef1a2b104edb5c1e9475b6d5496fd5138,Apr-28-2018 10:26:28 PM,May-02-2018 11:48:51 AM,35,0 Ether,suicide
0xe19ca313512e0231340e778abe7110401c737c23,Feb-08-2018 09:09:48 AM,Feb-10-2018 07:59:54 PM,11,0 Ether,suicide
0x245233bc8604d2097bfcbf3338959c46da04d9e0,Nov-24-2016 10:08:46 AM,Nov-24-2016 10:22:00 AM,3,0 Ether,suicide
0x9c828aa56c297e6fb98bef9bb455d9d6a0b5d71f,Jun-25-2018 01:35:54 PM,Jun-29-2018 02:04:21 AM,5,0 Ether,suicide
0x1c923bc27998465f0b197ef73c7aeec9359169d3,Sep-08-2017 03:31:07 PM,Oct-09-2017 08:31:54 PM,9,0 Ether,suicide
0x357f07ac89ee6329a70ca837d6bfc16b0275015f,Dec-23-2017 05:08:34 AM,Mar-12-2019 11:46:39 AM,237,0.002 Ether,suicide
0xf46dbdd823ff23efe1cd21f71f030c2e48c97fe9,Feb-19-2018 12:10:22 AM,Feb-19-2018 12:20:52 AM,7,0 Ether,suicide
0x8cc0d6ef2b1dec73f420a32ca44e613620f712cd,Aug-05-2018 10:11:00 AM,Aug-05-2018 04:19:05 PM,3,0 Ether,suicide
0x5d26239257e6433889f00bb46294c552b4d75ec9,Dec-11-2017 04:11:19 PM,Jan-17-2018 06:21:34 AM,8,0.1 Ether,suicide
0x4ca65f54f923be2fb3efc3a7758e88a6f910806e,Nov-15-2018 03:52:08 PM,Mar-05-2019 05:22:12 PM,118,0 Ether,suicide
0x92e8913a859a553e6c8c6d659ba04e2bf835d83b,Aug-02-2018 03:32:36 PM,Aug-11-2018 02:59:09 AM,329,0 Ether,suicide
0x85c548a176f86bcaad45e96a7758538ddaba3a65,Nov-12-2016 05:08:49 PM,Nov-12-2016 10:08:05 PM,9,0 Ether,suicide
0x7dd8d4c556d2005c5bafc3d5449a99fb46279e6b,Mar-14-2017 08:32:58 AM,Mar-15-2017 11:43:12 AM,7,0 Ether,suicide
0xd87d3d9fb80a5f009b3812b536256b6f457176b1,Oct-05-2017 10:10:19 PM,Oct-11-2017 07:50:59 PM,5,0 Ether,suicide
0x26436e73fdd02adde8ae7ab61fa660d6f7926e6f,Feb-07-2018 03:16:11 PM,Apr-08-2018 02:37:17 PM,7,0.0001 Ether,suicide
0xb57b9206d75c1bb02cb64f97fb5176eae731a62d,Jun-10-2017 10:28:25 PM,Jun-10-2017 10:47:31 PM,11,0 Ether,suicide
0xe0b1bb3d16aba1ca1745005646ecb9d7c859c60f,Mar-27-2018 03:49:39 AM,Mar-27-2018 10:13:59 AM,2,0 Ether,suicide
0x468b840b64e2de2849cec1321fe8131070029770,Feb-02-2018 08:45:50 PM,Mar-01-2018 09:37:52 PM,5,0 Ether,suicide
0x7957eefc49db8e7c7a11ded53f4604aa6afc0b29,Aug-23-2017 09:46:57 AM,Aug-23-2017 10:26:17 AM,7,0 Ether,suicide
0xe6f245bb5268b16c5d79a349ec57673e477bd015,Feb-09-2018 08:08:45 PM,Dec-26-2018 05:24:17 PM,5,0 Ether,suicide
0x9a6fb86bd26cbcbf5ba1b9dfd55f479875f310cb,Oct-17-2017 04:42:05 PM,Dec-04-2017 07:19:51 PM,6,0 Ether,suicide
0x1a2dd52fd95c9e8c329b8da4598e3c1d834d2853,Dec-10-2018 12:47:02 PM,Dec-12-2018 08:16:35 AM,19,0 Ether,suicide
0xa2772a351e984d0582ad80a8ba8863489939f6db,May-12-2017 12:07:34 PM,May-15-2017 11:06:39 AM,4,0 Ether,suicide
0xb79023290a28c8aa245e286a9e2d0284db9a16bc,Dec-04-2018 05:50:16 AM,Dec-05-2018 07:41:30 AM,29,0 Ether,suicide
0x28646969e4b271e91fd61dd5510c146370e3c27c,Jul-16-2018 08:01:52 PM,Feb-22-2019 12:57:51 PM,4900,0 Ether,suicide
0x6410504202c3fd106baadb2a1c1782b0adad1654,Apr-24-2017 10:02:10 AM,Apr-24-2017 10:19:48 AM,6,0 Ether,suicide
0xc39459f4d3d9c87551f7c0fb0982bfea0d14dda6,Oct-09-2018 02:04:01 PM,Oct-30-2018 06:48:38 AM,53,0 Ether,suicide
0x9330c11cd9226e3ef97d2e99625d1f9096a68a5a,Nov-17-2017 11:08:31 AM,Jan-06-2018 01:07:41 PM,2,0 Ether,suicide
0x22f75cb4b25b32f4be71744e4e419c9e9b14bed3,Dec-07-2018 08:17:42 AM,Dec-07-2018 08:53:43 AM,10,0 Ether,suicide
0xeca7f8aa63d1d28fafda5fdf021388b5d7166dee,Nov-22-2018 01:38:07 PM,Feb-01-2019 12:46:31 PM,3,0 Ether,suicide
0xaee056c6c1071512657f094af550d1af74db0622,Aug-16-2018 04:17:35 AM,Dec-27-2018 03:41:16 AM,7,0 Ether,suicide
0xcfe91cf082cfc59fb3d9789d674a6034900d5280,Feb-23-2018 05:14:11 AM,Feb-28-2018 03:53:23 PM,8,0 Ether,suicide
0x1ca6a09e02480be25c10284372cd21fde7d35a79,Jul-29-2018 02:55:55 AM,Jul-29-2018 06:03:29 AM,15,0 Ether,suicide
0xa1c1983aa3599657a74cf5a563e880eedc57ae4f,Nov-25-2016 01:40:46 PM,Nov-26-2016 09:50:35 AM,26,0 Ether,suicide
0x94602b0e2512ddad62a935763bf1277c973b2758,Feb-19-2018 12:14:19 PM,Feb-23-2018 09:43:55 PM,4,0 Ether,suicide
0x0ab3a55fda938aeca67dc8e3a8677e89a6b819cb,May-20-2018 09:21:50 PM,May-20-2018 09:39:06 PM,2,0 Ether,suicide
0x9bf393afac08096f8c7c9b9b932afc106f65b615,Dec-17-2017 04:17:53 PM,Jun-05-2018 10:01:07 AM,46,0 Ether,suicide
0x63fed9eb6f80f491bddbc853059414c2f8eb6028,Jun-10-2018 11:55:44 AM,Jun-10-2018 01:09:26 PM,2,0 Ether,suicide
0x20041df9e7359c2d04e22322d5fabd04783da436,Jan-23-2018 08:34:50 PM,Feb-08-2018 05:41:29 PM,10,0 Ether,suicide
0x652eb151869c2e8fa354f29321ba192d5d9f84dc,Feb-14-2018 09:09:35 AM,Feb-19-2018 10:26:45 AM,3,0 Ether,suicide
0xaa54201cab79e4de3072ededd32ea68d8cfa2375,Apr-22-2017 09:20:09 AM,Apr-22-2017 09:27:28 AM,2,0 Ether,suicide
0x974973d316be10725444ef4f6e3bf1eb5e9f6678,Sep-03-2017 03:12:26 PM,Sep-03-2017 03:30:41 PM,6,0 Ether,suicide
0x88e7029a16443ef0491c5f46042d34d0c56e691f,Mar-23-2018 06:14:25 AM,Mar-23-2018 06:27:55 AM,3,0 Ether,suicide
0xc99b3615724b7c4d3e4b348cfc8a25b9e2133828,Nov-24-2016 10:26:43 AM,Nov-25-2016 06:46:03 AM,3,0 Ether,suicide
0xbbc5d510bab53b2199fb17fe1d896eb78911e103,Feb-25-2018 10:16:39 AM,Mar-21-2018 05:54:09 AM,594,0 Ether,suicide
0xab09f0fb6ff4bd4788b8187736b7ad94a77506fe,Oct-15-2017 05:37:36 PM,Oct-15-2017 06:07:00 PM,5,0 Ether,suicide
0xfbf9ae92ecb05bc436d9b1e6c1d928824aedb2f1,Sep-09-2018 08:11:40 AM,Mar-01-2019 05:13:15 AM,16,0 Ether,suicide
0xd43cbd8a74535327a8a196ea36cd44fc799ca289,Mar-31-2016 09:36:42 AM,Mar-31-2016 12:36:11 PM,6,0 Ether,suicide
0x197803b104641fbf6e206a425d9dc35dadc4f62f,Jun-18-2018 09:47:21 PM,Jun-19-2018 12:51:00 PM,4,0 Ether,suicide
0x54e96d609b183196de657fc7380032a96f27f384,Sep-22-2018 05:36:00 PM,Jan-15-2019 06:39:10 PM,662,0 Ether,suicide
0xf0ff1e6daeb276cee781fd6498f2eef5c66efc8e,Dec-20-2017 08:37:48 PM,Dec-24-2017 11:30:16 AM,7,0 Ether,suicide
0xd87eaad7afb256c69526a490f402a658f12246fd,Jun-18-2018 07:19:03 PM,Jun-18-2018 07:28:04 PM,3,0 Ether,suicide
0x9ae7ef94784f71f934a2fcb649f6579ffc4f9bd7,Oct-21-2017 07:46:22 AM,Mar-10-2018 07:15:19 AM,177,0 Ether,suicide
0xde5734b4ac337a57b5821c620e83e5224be18515,Nov-09-2018 01:20:58 AM,Apr-30-2019 07:09:55 PM,735,0.008 Ether,suicide
0x48ee772b8c8927d8d32afc8961fbc177fb723637,Jul-30-2017 11:05:38 AM,Aug-07-2017 06:53:29 AM,65,0 Ether,suicide
0x6a2e025f43ca4d0d3c61bdee85a8e37e81880528,Feb-08-2018 01:08:05 PM,Feb-11-2018 01:20:43 AM,5,0 Ether,suicide
0x74a30d0ca07771fbd450ef4ded357e2e688ee59f,Jan-07-2019 02:31:27 AM,Mar-04-2019 05:41:30 PM,63,0 Ether,suicide
0xe109fa0fe69c2d1f382af82a0952b4a804893794,Feb-15-2018 05:41:00 AM,Feb-16-2018 12:29:12 AM,60,0 Ether,suicide
0x2cf3a4af0c34c4f12f4bc391bd123d13eeefd7fc,Dec-05-2017 11:36:10 AM,Dec-13-2017 11:28:56 AM,16,0 Ether,suicide
0x645a90d222d46139d72477f1d41a3c970a2880f4,Jun-05-2018 09:39:41 PM,Jun-07-2018 03:12:29 PM,5,0 Ether,suicide
0x70e29c7124585a20ede4e78b615d3a3b2b4dad5c,Mar-08-2018 08:20:53 AM,Aug-01-2018 05:58:39 AM,20,0 Ether,suicide
0xc7c11eb6983787f7aa0c20abeeac8101cf621e47,May-16-2017 06:50:46 AM,May-19-2017 05:34:23 AM,3,0 Ether,suicide
0xe86c98c75450075d096580f843fcd67a858ffd5f,Jul-25-2017 03:09:46 AM,Sep-10-2017 05:00:02 PM,25,0 Ether,suicide
0x82c6c051adf60a8f4a00a313277763938a0ae29d,Jun-22-2017 02:57:30 PM,Jun-26-2017 10:51:14 AM,20,0 Ether,suicide
0xb11e0464cbcf0a06bbe29d8882c9fc7a96cca9fb,May-07-2018 08:28:08 PM,May-13-2018 09:31:16 AM,7,0 Ether,suicide
0x64ba926175bc69ba757ef53a6d5ef616889c9999,Oct-19-2018 10:22:19 PM,Nov-09-2018 07:41:07 PM,116,0 Ether,suicide
0xfae0300c03a1ea898176bcb39f919c559f64f4ff,Sep-22-2017 07:27:07 PM,Oct-20-2017 10:51:17 AM,16,0 Ether,suicide
0x31ac1331eed69beefb33aa992989605beac875d2,Jun-27-2018 07:08:49 AM,Jul-08-2018 11:56:57 AM,3,0 Ether,suicide
0xec2374b274a8c04c0ec52dab10bc78078589ab62,Oct-27-2017 09:55:50 AM,Oct-31-2017 06:00:05 PM,8,0 Ether,suicide
0xcc70b973a47dc7305b6d1145f32c58bbb0587f6f,Dec-30-2017 10:17:54 PM,Dec-30-2017 10:32:32 PM,2,0 Ether,suicide
0x672d85e6c31eacd3a15b635a27679038c35c8749,Feb-02-2018 08:23:36 AM,Feb-05-2018 09:12:45 AM,2,0 Ether,suicide
0x344bd3872f67d37757b48155ba4666e780fc47b5,May-19-2018 04:03:43 AM,Jun-17-2018 11:34:11 AM,4572,0.0547303773346108 Ether,suicide
0xa010cfd6e52336eb25adacafb005c516645193dd,Jan-03-2018 09:00:09 PM,Jan-03-2018 09:25:34 PM,2,0 Ether,suicide
0x3b8682acc08584d2cbdda4431b891d0323c24b56,Mar-02-2018 09:30:17 AM,Apr-06-2018 07:24:05 AM,35,0 Ether,suicide
0x101d2da95a784b2c5c3b2d33f942b8e3244332e1,Jan-07-2018 02:50:26 PM,Jan-25-2018 05:14:24 PM,2,0 Ether,suicide
0x9f6ae96be72cd4f9870e66c953d58f6d3af502e8,Mar-16-2018 06:46:14 PM,Mar-16-2018 07:29:36 PM,3,0 Ether,suicide
0x3fccb426c33b1ae067115390354b968592348d05,Aug-22-2016 06:45:45 PM,Dec-07-2016 03:50:23 PM,490,0 Ether,suicide
0x1e4dfaf4840fd9f4f4deb7e89437b37c4b8efdc5,May-28-2018 03:53:14 PM,May-29-2018 10:14:21 AM,6,0 Ether,suicide
0xfa67c39935de407b98172ab9a07291603e98a51a,Nov-09-2017 01:09:26 PM,Dec-12-2017 10:20:43 AM,21,0 Ether,suicide
0x30e055f7c16b753dbf77b57f38782c11a9f1c653,Jan-18-2018 12:49:31 PM,Jan-25-2018 07:31:38 AM,2,0 Ether,suicide
0xb9b2b770e023bbf0b9ddae53a09e3b03ce0f685f,May-29-2018 09:02:03 PM,Mar-17-2019 02:21:59 PM,7,0 Ether,suicide
0x300cff0f78f58c8b6d395ca0ebe8604137884ce5,Sep-30-2018 08:10:43 PM,Sep-30-2018 08:53:14 PM,6,0 Ether,suicide
0x7f37472ee88062acc82f14ccfe6e7bf5f469dd05,Apr-12-2017 05:58:11 AM,Apr-15-2017 07:42:43 PM,17,0 Ether,suicide
0x0135c9a7bff72aa26e1d105ff5000e454e4dde7a,Oct-04-2018 07:00:49 PM,Dec-13-2018 02:45:36 PM,811,0.530102 Ether,suicide
0xcbce61316759d807c474441952ce41985bbc5a40,Jun-18-2017 07:03:14 PM,May-28-2019 03:01:33 AM,22698,0 Ether,suicide
0x182fad6a68ebd9118549ec1091aa4eb95e234ef6,Jan-29-2018 08:07:07 PM,Jan-29-2018 08:27:57 PM,3,0 Ether,suicide
0x70b920cecc28effe8fe451c0beecc12f234bf9d3,Sep-26-2018 10:34:51 PM,Oct-06-2018 11:30:46 PM,3,0 Ether,suicide
0x972dc0ee6fc536378dde23e63a143cfd9995e18c,Sep-13-2018 02:19:27 PM,Oct-24-2018 12:37:03 PM,144,0 Ether,suicide
0xe8ac5be8c5be3efb86197d32d03598395113229f,Jul-17-2017 05:59:34 AM,Jul-20-2017 03:53:27 AM,4,0 Ether,suicide
0x5a2a454675c1b659caa58b5675ee759b992b84b1,Jul-23-2017 06:16:46 PM,Oct-13-2017 03:00:37 PM,154,0 Ether,suicide
0xbe6ca916f280572012abd4ad4292a28386a1ff23,Dec-16-2017 10:19:52 PM,Dec-17-2017 06:37:48 AM,3,0 Ether,suicide
0xf0a0116885943f5466cb50ed8cf50b15b3d45801,Mar-11-2018 04:08:28 AM,Jul-28-2018 10:37:52 PM,428,0 Ether,suicide
0xdefaa13496498e4267982402ac668ca754b04c5d,Sep-09-2018 01:39:28 AM,Sep-09-2018 01:44:39 AM,2,0 Ether,suicide
0x2d05359a51ca13c4ac5f4437585afaf5bf2050f9,May-10-2018 12:31:48 PM,May-18-2018 12:52:54 PM,79,0.2 Ether,suicide
0x124446eff5787b036aa062a2ef5321ce607437ba,Mar-03-2017 11:03:35 PM,Mar-04-2017 12:29:32 AM,5,0 Ether,suicide
0xe14f29c22f47d1ca8dda796a6718c6bd0be0b3cf,Nov-24-2017 04:49:49 PM,Nov-30-2017 07:23:24 PM,10,0 Ether,suicide
0x849019a489c3c26c7a7668e468be81a4d132781f,Sep-19-2017 10:44:33 AM,Oct-03-2017 09:22:57 AM,9,0 Ether,suicide
0x168521b94eb0ca6f9aea34a735c53bcff79abdaf,Aug-31-2017 03:25:39 AM,Aug-31-2017 05:45:47 AM,12,0 Ether,suicide
0x0f822ae3fc6e3305b33f95d905c9967bae244d82,Apr-28-2017 02:00:16 PM,Apr-28-2017 02:57:20 PM,18,0 Ether,suicide
0x144bf2bbc61a5ae867d7e1fd603015df7f6d4fb6,Mar-31-2016 07:47:28 AM,Mar-31-2016 08:55:19 AM,9,0 Ether,suicide
0x0afc9430e3c5b0949a58f49bc9d134dee87c74d1,Jul-11-2017 10:35:58 PM,Jul-14-2017 10:02:13 PM,3,0 Ether,suicide
0x117b4ff6e29baa41592fbc02abd2c0b40110d6e6,Dec-01-2018 05:17:19 AM,Dec-02-2018 08:43:14 AM,4,0 Ether,suicide
0x9d31ff892f984a83e8b342a5ece8e8911ed909e0,Nov-25-2016 05:03:55 AM,Nov-27-2016 07:10:56 AM,4,0 Ether,suicide
0x2d6cb85e108326a8bbb72ca6f3c9f0f3c7f53638,Dec-08-2017 07:39:38 AM,Aug-12-2018 04:12:10 AM,6,0 Ether,suicide
0x9ea5b12af209634b92129b7b011ed36cb3299dd3,Aug-22-2017 11:52:09 PM,Aug-23-2017 02:49:31 AM,9,0 Ether,suicide
0x989424ced72fd1f8011c9be40f6ced5c4afc11c5,Sep-04-2018 12:49:40 AM,Sep-04-2018 12:52:38 AM,2,0 Ether,suicide
0xc2cb0401d640a150a74d92c9b1814974bede8d87,Dec-18-2017 11:28:53 PM,Jan-24-2018 08:03:26 AM,6,0 Ether,suicide
0x4a9d54e391812c54da8bc57ddfa32dfe13ac3d0f,Jul-17-2017 02:46:11 PM,Jul-17-2017 05:54:33 PM,7,0 Ether,suicide
0xd23f1e6006b1d963d12b96111ba9af8c50709f24,Aug-31-2018 09:36:46 AM,Aug-31-2018 10:02:48 AM,4,0 Ether,suicide
0xc585ddbf02254b3711dec711239e7241132b44a7,Dec-26-2017 08:45:45 AM,Dec-29-2017 01:03:17 AM,12,0.16052241880924871 Ether,suicide
0x4295c72c58fdcd02b626c6453c6c29e217077211,Sep-17-2018 08:11:48 PM,Sep-26-2018 05:49:08 PM,57,0 Ether,suicide
0xb5232102e71a7ff376ebdeae59e19d031cbe30af,Sep-05-2016 11:22:20 AM,Oct-12-2016 10:58:23 AM,5,0 Ether,suicide
0x20f5426df591a14b262327dc9866b0b5480a9f3f,Feb-25-2018 03:09:45 PM,Mar-03-2018 10:06:26 AM,23,0 Ether,suicide
0x9e762daeb001dc7778d0eb043d530357f0c4666c,Feb-09-2018 11:11:32 AM,Apr-11-2019 08:14:04 PM,541,0 Ether,suicide
0x0848e84aa70274c1e51d71564bde2211ee0406f7,Sep-27-2017 08:12:40 AM,Sep-28-2017 08:53:02 AM,14,0 Ether,suicide
0xb2d15402d12528ec560c54c46bf0f7ba8fb4c63d,Nov-04-2017 01:46:09 PM,Nov-09-2017 08:42:51 AM,2,0 Ether,suicide
0xd3a9d701ce93805cddcc4297fc28883efa5db92d,Oct-20-2017 10:57:11 AM,Oct-20-2017 10:57:11 AM,1,0 Ether,suicide
0xfaac705fb942836070fd11c6fb1bd784e9ce48a5,Sep-16-2017 12:34:21 PM,Sep-16-2017 03:51:30 PM,8,0 Ether,suicide
0x3f53eb87b841323fecc4deceebceaca58f4dfc72,Nov-26-2018 08:16:33 PM,Nov-27-2018 02:03:06 PM,4,0 Ether,suicide
0xf7a1a5eed7dab1a7bcda127b43dfaa1ff1800888,Jul-11-2017 09:55:48 PM,Jul-12-2017 10:31:30 PM,5,0 Ether,suicide
0x8ddc117d6a7a5fcaa33579741bd34d50898b4d2d,May-15-2018 05:32:41 PM,Jun-11-2018 03:06:00 PM,30,0 Ether,suicide
0x7c07b7b34da43f240ed6d4edaefe9a986aa01bfc,Apr-24-2017 10:36:10 AM,Apr-24-2017 10:55:08 AM,9,0 Ether,suicide
0x15857a97a82881d79de179865be5292949bd1616,Oct-30-2017 08:32:16 AM,Oct-31-2017 02:54:10 AM,2,0 Ether,suicide
0x3916eafb75abe1f887e2974d143f1cf9bbb4a93d,Oct-25-2018 02:55:27 PM,Nov-21-2018 04:22:51 PM,28,0 Ether,suicide
0x38e2cfa5627b2fef3d0556638b13ea6bf6a5e34d,Nov-16-2017 01:31:23 AM,Nov-16-2017 07:46:06 AM,5,0 Ether,suicide
0x47000de9ac92e29d4fee617732ffeedc306bd10e,Dec-29-2017 08:38:26 PM,Jan-01-2018 08:48:46 PM,7,1 wei,suicide
0xfbd9986b21fbc0d718d3999a640fe41391b5694d,Aug-08-2016 10:11:16 AM,Aug-08-2016 11:01:29 AM,5,0 Ether,suicide
0x7120c2a369d8a07579442b25042305362571ddd4,Sep-08-2018 02:37:09 PM,Sep-08-2018 02:58:15 PM,4,0 Ether,suicide
0x21add5ac33dcb3626f428514cabca653244620db,Feb-28-2018 12:43:36 AM,Apr-19-2018 06:15:55 PM,7,0 Ether,suicide
0xef6338d6f390e36954355dcc13380df67b154247,Oct-26-2017 11:21:26 AM,Oct-26-2017 12:28:10 PM,3,0 Ether,suicide
0xa41aa09607ca80ee60d2ce166d4c02a71860e5c5,Jul-05-2018 01:34:41 AM,Jul-05-2018 04:59:10 AM,4,0 Ether,suicide
0xec987914ade432ce9806f418787a4ed0b0e77000,May-02-2018 11:54:15 AM,Jun-21-2018 12:33:43 PM,40,0 Ether,suicide
0xfcd70fcc82e94dac57b75d5099f8b2f07fc5786c,Sep-23-2018 09:44:40 PM,Jan-05-2019 05:35:00 PM,794,0.03027587 Ether,suicide
0xd4ace0ab7cc226955767a7a9f5c133642a247aa8,Sep-21-2018 06:29:55 AM,Sep-21-2018 08:29:35 AM,5,0 Ether,suicide
0xdccc53ca8263e79548aff6aa81ccf1c42e2c1a89,Sep-22-2018 05:55:29 PM,Sep-23-2018 04:02:52 AM,5,0 Ether,suicide
0xd1915a2bcc4b77794d64c4e483e43444193373fa,Feb-12-2018 11:11:50 AM,Feb-13-2018 09:37:49 AM,7,0 Ether,suicide
0x048f616fcc4dd825f4a0a3b095d2ef70046b30c3,Oct-24-2018 10:01:11 AM,Nov-05-2018 05:56:52 AM,34,0 Ether,suicide
0xaef15564aed6447ed3debd89c8f28c10a5a52eec,Jan-18-2018 04:24:20 PM,Feb-10-2019 06:08:35 PM,347,0 Ether,suicide
0xc4bf277257c140a799b785c6c5096c6da7ef6a62,Sep-28-2018 11:11:04 PM,Jan-01-2019 12:08:04 AM,1088,0 Ether,suicide
0x0a2e310409f7589c9e8640abf98ca2b7b35f938c,Aug-12-2017 08:41:52 PM,Aug-12-2017 08:49:51 PM,2,0 Ether,suicide
0xbe56093286038885733a66e554dd43a22a45889f,Jul-04-2016 09:53:57 PM,Oct-12-2016 09:41:52 AM,6,0 Ether,suicide
0x5745b21f6365b379451f2f327274812d7a5d3d0d,Sep-03-2017 04:23:25 PM,Sep-04-2017 01:50:51 PM,29,0 Ether,suicide
0x4c1ef44b89fdadaea76a6a8004a1b7a5b6a7f603,Mar-26-2018 02:44:37 PM,Apr-17-2018 03:55:44 PM,34,0 Ether,suicide
0x670343443aace59a5739da1c8330bb9fa7836d9d,Jun-25-2018 12:16:36 AM,Jun-26-2018 05:19:59 AM,3,0 Ether,suicide
0xd6995ab4dc3425297d6c7e1cd7eebe97e75740ad,Aug-26-2018 11:35:27 PM,Dec-08-2018 05:04:09 AM,252,0 Ether,suicide
0x97ba3d8ce6397ce7aea59a39e01ccd859c753387,Dec-30-2017 10:40:23 PM,Dec-30-2017 10:53:13 PM,4,0 Ether,suicide
0x6a3120d8a66fe96eb260cce4b6da02e7835b8426,Jul-13-2016 03:14:07 PM,Jul-19-2016 04:35:05 AM,2,0 Ether,suicide
0xc037f2d079a7e23674b23676e34db9635da289db,Jul-16-2018 01:01:50 PM,Jul-16-2018 01:15:25 PM,3,0 Ether,suicide
0xcb8361f6ea2c93a39ffd9e8357ed6ccd48331dea,Oct-30-2018 06:58:15 AM,Nov-09-2018 04:31:38 AM,258,0 Ether,suicide
0xe6bb1eae6488aec1fcaf67cfaa10dcdf178d2899,May-15-2018 04:58:41 PM,Jun-11-2018 03:21:03 PM,17,0 Ether,suicide
0x6fc1ee575e9023aea1c45b4dfc9acf603ea9f63f,Aug-12-2018 05:13:44 PM,Aug-14-2018 04:12:32 AM,7,0 Ether,suicide
0xe367fe584adad878b9174ea4ddd8571878016811,Dec-10-2018 05:35:30 PM,Apr-30-2019 04:21:11 PM,2769,0 Ether,suicide
0x15a1f9e9827bb0130b08479f3aa4d0f491274c8a,Mar-16-2018 06:39:46 PM,Mar-16-2018 07:50:40 PM,9,0 Ether,suicide
0xd39ed6143d5a69a25d7fcb06b1bb554f2debaaae,Jul-26-2017 08:49:27 AM,Jul-26-2017 03:23:45 PM,6,0 Ether,suicide
0x31c44756a907a6585210c324cd4823f980aa7702,Aug-31-2017 02:43:32 AM,Aug-31-2017 03:12:18 AM,5,0 Ether,suicide
0x2b500267335f75d456f1ddd651e638159b516789,Dec-08-2017 10:30:50 AM,Dec-08-2017 10:43:18 AM,2,0 Ether,suicide
0x22cdaa7b4460a046f0cc9878a4f79fdc2f187316,Apr-28-2017 11:07:38 PM,Apr-29-2017 12:28:30 AM,13,0 Ether,suicide
0xd7784ddb103479ee3094c7816dd7918e1ae3997f,Jan-08-2018 01:33:15 PM,Jan-08-2018 05:54:24 PM,6,0 Ether,suicide
0x25d3b337e17ad34dbc8cb97d1a724545d90478fa,Sep-17-2018 08:25:30 PM,Sep-17-2018 09:24:59 PM,32,0 Ether,suicide
0xe63760e74ffd44ce7abdb7ca2e7fa01b357df460,Feb-05-2018 09:07:33 PM,Feb-06-2018 03:37:23 PM,9,0 Ether,suicide
0x141766882733cafa9033e8707548fdcac908db22,Feb-07-2018 12:37:00 PM,Oct-27-2018 03:54:52 PM,39026,0.062 Ether,suicide
0xb71cd8f21d5c21edcd113ca2807189ddcaf9dd44,Sep-03-2017 04:00:54 PM,Sep-03-2017 04:07:51 PM,4,0 Ether,suicide
0x32680c305b2e753f0c9c8dfa6e36ba36c68e0801,Jan-31-2018 03:33:00 PM,Mar-08-2018 01:48:35 PM,518,0 Ether,suicide
0x1a70fe4c8a7ba52fd4b14a207928df42cf9d7daa,Mar-14-2017 08:42:45 AM,Mar-15-2017 10:53:04 AM,452,0 Ether,suicide
0x722b035cdaf0daf521ead7bc3496029a280e6249,Sep-24-2018 02:25:07 AM,Oct-10-2018 06:02:56 AM,11819,0 Ether,suicide
0xb5c0e43a6330b9eb904ec57ea24d70269ae4652e,Jan-17-2018 11:48:19 PM,Aug-15-2018 08:26:58 PM,641,0 Ether,suicide
0x1d26d256435582548220bbc5f542b7dd87496375,Feb-19-2019 03:11:09 PM,Feb-22-2019 12:57:37 PM,2666,0 Ether,suicide
0x3726cc0cdb26106bfb297ee6697da2a8687f385b,Feb-16-2018 06:26:21 AM,Feb-17-2018 10:51:09 AM,2,0 Ether,suicide
0x9fcd683584173c5df0ee47852f5592f68ed72a0c,Oct-17-2017 03:09:29 PM,Oct-18-2017 09:37:38 PM,2,0 Ether,suicide
0x1367fc0b62c024de2be4ec22355d6614090ebc41,Jun-14-2018 09:11:06 PM,Aug-15-2018 08:11:16 AM,303,0 Ether,suicide
0xdd5d965b26e1d11f7933797b465fa95c89c368f5,Apr-24-2017 04:49:25 AM,Apr-24-2017 05:43:56 AM,7,0 Ether,suicide
0x80f1f62b8b365c5326100d462d8570771b8d0e57,Jul-13-2016 09:13:23 PM,Oct-12-2016 10:24:48 AM,5,0 Ether,suicide
0x82103eabce34b0e814fb71d1b840371542edaa40,Apr-22-2018 06:46:01 AM,Apr-23-2018 12:58:12 AM,7,0 Ether,suicide
0x9284c4b9da2c97d63bdb930aaa8eb751299fc8d4,Nov-28-2017 07:01:29 AM,Feb-13-2018 07:00:51 PM,28,0 Ether,suicide
0x460f5bf9f5ccfc99243aa4145e4e40c6a6fd9624,Mar-15-2017 10:27:04 AM,Mar-17-2017 06:04:21 AM,623,0 Ether,suicide
0x2a2b359eb02655296d3a6e7eaf311900d3089f4e,Feb-27-2018 09:48:26 AM,Feb-27-2018 10:06:11 AM,3,0 Ether,suicide
0x7909d3c14e5fb93a508582d04d11093585ebc084,Jan-07-2019 03:34:32 AM,Jan-15-2019 01:21:49 PM,236,0 Ether,suicide
0x8d2c0e328e866108e9ce6af0d7c3b77318fdc043,Oct-30-2017 11:50:15 AM,Dec-14-2017 05:08:32 AM,9,0 Ether,suicide
0xa614bbfc9f7411ac008c78bfdd1a7f9e0e5180db,Apr-11-2018 11:22:10 AM,Apr-11-2018 11:55:58 AM,4,0 Ether,suicide
0x2d92102bf50c111d59b93f7a10bafd13e770ed61,Jul-05-2018 05:11:28 AM,Jul-06-2018 07:12:13 AM,4,0 Ether,suicide
0xad0528aa8ffefb94a22c24720a431822591c1d38,Oct-10-2018 01:41:04 PM,Jan-07-2019 01:03:15 PM,518,0 Ether,suicide
0x1bdf171d5cc20544bf6e1536329a3d8dc166a78e,Feb-13-2018 11:19:40 PM,Feb-15-2018 04:01:31 AM,33,0.01 Ether,suicide
0xb8d24ac55866236b2c7b8fb046ca110d488fba02,Jul-21-2017 04:37:52 PM,Jul-21-2017 05:24:34 PM,12,0 Ether,suicide
0x02d3aea48b443a0026ed9cbc91b97d7335aba323,Sep-24-2017 10:38:09 PM,Nov-27-2017 02:41:36 PM,4,0 Ether,suicide
0x8685631276cfcf17a973d92f6dc11645e5158c0c,May-14-2018 09:31:47 AM,May-15-2018 09:38:47 AM,8,0 Ether,suicide
0x97680599b29491df74c15ad129c635d9ebaa03b8,Apr-05-2016 01:48:51 PM,Apr-05-2016 03:18:37 PM,2,0 Ether,suicide
0xa0174f796d3b901adaa16cfbb589330462be0329,Feb-04-2018 09:45:01 PM,Feb-05-2018 05:24:28 PM,6,0 Ether,suicide
0x105d97ef2e723f1cfb24519bc6ff15a6d091a3f1,Apr-04-2018 12:24:46 PM,May-31-2018 11:50:35 AM,11,0 Ether,suicide
0xb961339f6f7f3b020255d9281fdd3bf2eb9b4d1e,Mar-15-2017 07:25:38 AM,Mar-15-2017 09:42:39 AM,3,0 Ether,suicide
0x187ac8adc20767be1635d4ad972e0c31d654f061,Dec-20-2017 11:15:57 PM,Jun-24-2018 05:24:21 PM,21,0 Ether,suicide
0xa671f2914ba0e73979ffc47cd350801d1714b18f,Oct-15-2017 03:21:40 PM,Jan-01-2018 03:17:23 PM,102,0 Ether,suicide
0x4ed184d6a9e449ecb984cb1fea7ed40db59439fd,Aug-10-2018 07:09:12 PM,Aug-10-2018 07:11:41 PM,2,0 Ether,suicide
0x42db5bfe8828f12f164586af8a992b3a7b038164,Dec-29-2017 11:09:36 AM,Dec-29-2017 08:35:32 PM,6,0 Ether,suicide
0x97d25fc9024c689320dafbd9bbca8861ab669ccd,Jan-30-2018 04:58:21 PM,Jan-31-2018 05:31:05 AM,7,0 Ether,suicide
0x6e843aefc1f2887e5b0aeb4002c1924c433d9a13,Feb-17-2018 10:36:13 AM,Mar-18-2018 07:42:00 AM,12,0 Ether,suicide
0x2700b4469ddb14f435e57eca538e95f43d9e6c38,Apr-24-2017 05:33:40 AM,Apr-24-2017 05:43:56 AM,6,0 Ether,suicide
0x25b7dbaf654718171892f39357af75e060b2db5b,Feb-07-2017 06:47:14 PM,Aug-08-2017 06:17:12 AM,6420,0.4 Ether,suicide
0xeafd8b734e32aec64c4b445e9da401427ef63a3a,Sep-21-2018 10:35:02 AM,Sep-22-2018 07:35:48 PM,16,0 Ether,suicide
0x0de197dc289d680e734ccab866d529505b2638db,Jul-16-2018 04:15:40 PM,Aug-30-2018 04:30:06 PM,7813,0 Ether,suicide
0x516ed389ca876239a11d49050bb51577500f6781,Dec-21-2017 12:04:50 PM,Dec-21-2017 12:58:32 PM,3,0 Ether,suicide
0x0be3e6e3d9e99036ccce4fd0b692016de860aa62,Oct-31-2018 5:20:32 PM,Jan-16-2019 11:43:49 AM,100582,0.06 Ether,suicide
0xafca09726310a2b8e5fca4200f818a5e6bd0cf50,Oct-20-2017 11:00:26 AM,Oct-23-2017 07:12:12 PM,40,0 Ether,suicide
0xea5725b707bf8605240ce1b123c9e580f460bc75,Oct-25-2017 12:34:59 PM,Oct-30-2017 03:33:52 PM,5,0 Ether,suicide
0xa3812950f92bc324e274be2df8f3fbe460e4ed52,Sep-27-2018 09:04:27 AM,Oct-18-2018 09:27:51 AM,35,0 Ether,suicide
0x70052a651eec65f98925e845820a0aa5749b033d,Nov-30-2018 11:31:19 AM,Feb-26-2019 09:25:59 AM,2022,0 Ether,suicide
0x4b177c969e1e4f5ea6a01e7707e77d0b9d289c4c,Jan-22-2018 11:11:09 PM,Feb-05-2018 11:56:15 AM,65,0 Ether,suicide
0x44e7786a9dd083ad147cec72cb3a5ef6b7b3f91f,Jun-26-2017 02:12:39 PM,Jun-30-2017 07:44:00 PM,9,0 Ether,suicide
0x54e20fea922df728daf9701c704e52018c70edf9,Oct-15-2017 08:47:20 PM,Nov-25-2017 10:10:29 PM,2,0 Ether,suicide
0xddaabbeb621fb90c8b10432783f228ff7f888b5f,Oct-15-2018 04:41:51 PM,Dec-23-2018 02:39:46 PM,12,0 Ether,suicide
0xa2562cd0d8620dc2bec07872ecaadd4b6fbdc02f,Dec-12-2018 04:02:11 PM,Dec-12-2018 04:27:08 PM,3,0.015359573806690892 Ether,suicide
0xf24204b6d574c3e280cc8b7e9554ae3912d66b33,Nov-20-2017 03:31:49 PM,Nov-20-2017 04:05:59 PM,3,0 Ether,suicide
0x7cfc4442dd96d6f85dd41d458a13957ba381e05a,Oct-25-2017 04:20:37 PM,Oct-25-2017 04:40:02 PM,4,0 Ether,suicide
0xde10b68c02565479940ae326aa9b1aebf9ae0495,Oct-30-2018 09:22:50 PM,Nov-11-2018 02:52:21 PM,2,0 Ether,suicide
0x0aac84ef458e67758a2991a769d979981cd41fc4,Jul-02-2017 09:13:49 PM,Jul-02-2017 09:23:14 PM,3,0 Ether,suicide
0x0b72b3fb545fe6cb63e27273078d7a8656a34c42,Jun-21-2018 11:38:21 PM,Jun-25-2018 05:32:33 PM,5,0 Ether,suicide
0x38e9d51419dc53bb8c899a5fd473ce111b1757c4,Mar-12-2018 04:22:45 PM,Apr-10-2018 02:37:43 AM,25,0 Ether,suicide
0x6a8d7d37870cfc7abf7a316412bab5ed9c3aba34,Sep-19-2017 10:33:05 AM,Sep-28-2017 08:50:05 AM,15,0 Ether,suicide
0x264979ffd35d608e69b69681f4bbcba9877e6c4a,Nov-14-2018 10:14:10 PM,Feb-01-2019 12:52:42 PM,3,0 Ether,suicide
0x80ddae5251047d6ceb29765f38fed1c0013004b7,Jun-28-2016 09:02:43 PM,Jul-13-2016 01:53:49 PM,2,0 Ether,suicide
0x3e84512f277a5081b9209831c51bce665035d9db,Apr-11-2016 08:08:43 AM,Apr-20-2016 02:15:12 PM,30,0 Ether,suicide
0x31710812a91c9cc695750a8d47fad1bb1d3a8f7d,Dec-26-2017 12:29:46 AM,Dec-26-2017 07:11:38 PM,3,0 Ether,suicide
0x22d2913a4bf16c8dcf1ee655f9b547ac55368f88,Jan-04-2019 02:53:40 PM,Jan-15-2019 10:10:08 AM,238,0 Ether,suicide
0xd0d977cf5fa3ce79a6e442c2250e8a5f37b69598,Aug-23-2017 09:28:24 AM,Aug-23-2017 09:42:26 AM,3,0 Ether,suicide
0x352f448408b612bbac57d81c785f839e0c386698,Dec-12-2016 09:28:54 AM,Dec-25-2016 07:39:19 PM,3,0 Ether,suicide
0x8eca2366e8ad2051a14af338620f6dd101c231e1,Jul-23-2017 03:54:34 PM,Jul-23-2017 06:15:30 PM,6,0 Ether,suicide
0x8c0a0d815aeb795883c8aa8376cf535c87676230,Sep-17-2018 04:32:16 AM,Sep-17-2018 05:43:09 AM,10,0 Ether,suicide
0x1e8b362f354ca409c936f37d0cbae16b4f15bdf0,Aug-21-2018 04:25:49 PM,Aug-24-2018 07:07:30 AM,4,0 Ether,suicide
0x17683235257f2089e3e4acc9497f25386a529507,Nov-30-2016 03:16:21 AM,Nov-30-2016 09:27:03 PM,14,0 Ether,suicide
0xa40b712229ddea8fd841c5e6cb104fc15e7e3054,Jan-16-2018 04:28:41 PM,Jan-16-2018 05:59:21 PM,2,0 Ether,suicide
0xe197529709d7cbaf31756c6d9b8742718e17fca5,Apr-11-2016 08:14:21 PM,May-26-2016 04:49:11 PM,3,0 Ether,suicide
0xb6fd124ca6eceb00b747947a065f31392eec4572,Jan-29-2018 10:06:24 PM,Jan-29-2018 10:08:52 PM,2,0 Ether,suicide
0x34afa7ff9a8eb4d8e61145ca81e2d0dab7b03662,May-08-2018 06:46:23 PM,May-08-2018 07:00:19 PM,2,0 Ether,suicide
0xf4873530d48d3948c1d25fd6a58b0238751ca6ba,Mar-21-2017 06:32:59 PM,Mar-23-2017 04:43:03 PM,34,0 Ether,suicide
0xd2ea3d1be7b482966ba8627ff009b84bac3bf51e,Aug-23-2018 05:43:09 PM,Sep-04-2018 06:49:32 AM,4,0 Ether,suicide
0xc41b6172b2dd5d3b654158986cbce523dd4b8d1d,Sep-28-2018 05:33:38 AM,Sep-28-2018 07:49:57 AM,3,0 Ether,suicide
0x7cfcf4d781de39588ca516565134da4aee71f94d,Apr-21-2018 02:32:15 PM,Feb-17-2019 04:29:03 AM,26,0 Ether,suicide
0x4a5fc826441a16b86aa850b3ddc4b1bc02f21b6c,Sep-08-2018 08:32:14 PM,Nov-08-2018 05:33:28 AM,421,3.269207932416666665 Ether,suicide
0x2f30ff3428d62748a1d993f2cc6c9b55df40b4d7,Jun-09-2018 11:56:16 AM,Jun-09-2018 03:21:54 PM,3,0 Ether,suicide
0x50ec4b1f8434020e2d896c9cfb8a20d63af6136d,Oct-14-2018 06:25:53 PM,Oct-14-2018 06:44:54 PM,6,0 Ether,suicide
0x06b9737a7a625478fe5a65bf4bff4390ff6ace96,Nov-17-2017 10:23:48 PM,Nov-18-2017 10:05:38 AM,5,0 Ether,suicide
0xd71a90c6903c698b643ac007a7a279f34e444dc3,Oct-28-2017 07:35:43 PM,Oct-29-2017 02:03:06 PM,13,0 Ether,suicide
0x5e6ed16d845a46b9f863a256e7a3194f2a9e8b5c,Jul-10-2017 11:40:57 PM,Jul-11-2017 10:19:43 PM,19,0 Ether,suicide
0x787b9a8978b21476abb78876f24c49c0e513065e,Feb-09-2018 03:11:07 PM,Feb-09-2018 06:27:07 PM,3,0 Ether,suicide
0xd7e53b24e014cd3612d8469fd1d8e371dd7b3024,Sep-07-2017 12:15:55 PM,Oct-22-2017 01:37:00 PM,292,0 Ether,suicide
0x9dc69490ec0d558f8f62b6d0ad64611b621a026e,Apr-24-2017 06:53:24 AM,Apr-24-2017 10:01:19 AM,7,0 Ether,suicide
0xf7d02347d055bd3a1fd66a7f187c4453fb6882aa,Jun-28-2016 07:20:51 PM,Sep-28-2016 03:54:39 PM,11,0 Ether,suicide
0x84b7d95165328d790a34cc5d7ecf528be55c65ed,Sep-25-2018 12:56:38 PM,Oct-10-2018 08:38:55 AM,1816,0 Ether,suicide
0x8cd448c5fdbf2c79f640a5326a6f86fbce03d3bb,Feb-19-2018 12:23:41 AM,Feb-22-2018 10:50:22 PM,114,0.3 Ether,suicide
0x97a64e9e7a2d4a2c3e810c41d8842d673d32537e,Mar-23-2018 06:29:42 AM,Mar-25-2018 05:51:45 PM,12,0 Ether,suicide
0x4fdc2078d8bc92e1ee594759d7362f94b60b1a3d,Feb-11-2018 03:29:08 PM,Feb-12-2018 10:46:26 AM,9,0 Ether,suicide
0xb84005872b407999a4a97f91d5ef40baaf1b9dc2,Nov-07-2016 03:22:21 AM,Nov-07-2016 06:45:30 PM,7,0 Ether,suicide
0xa03b5ea89ede664ccb3b4a49c5b25f6a4658e174,Jun-08-2018 04:47:28 PM,Jun-25-2018 01:06:03 PM,325,0 Ether,suicide
0x1e5e75c5e30a40d28ddca7e4ee0ba6bb9b8405f5,May-17-2018 12:07:01 PM,May-21-2018 06:10:42 AM,2,0 Ether,suicide
0x358bd9446e79ee20c0fbaa4f3bff31d794bfe8b9,Oct-14-2017 06:47:17 AM,Oct-25-2017 11:20:07 AM,7,0 Ether,suicide
0xb565892f839ed2b0aa48efa7c952b213eaed3166,Feb-24-2018 02:12:48 PM,Mar-12-2018 11:49:50 AM,3,0 Ether,suicide
0x2fa8174ec68f1b7dad8717d1f6876985f9834b59,Sep-12-2017 07:18:17 PM,Sep-13-2017 12:24:23 PM,47,0 Ether,suicide
0x587a7c22f24f4f00e3a2b1c984ef290ce7d132d9,Mar-24-2018 10:30:43 PM,Mar-25-2018 07:05:09 AM,55,0 Ether,suicide
0x1fd76bc4e080e5f11703528961b2e515296c1c04,May-08-2018 05:01:37 PM,Jun-23-2018 04:35:08 PM,7,0 Ether,suicide
0x0af5f9a338870073707939b39a0ea3ebc0bad00b,Apr-06-2017 02:21:00 PM,Jul-20-2017 12:00:02 AM,16,0 Ether,suicide
0x690e35532614c278eb106332bae62e1f09098851,Dec-11-2018 10:33:06 AM,Dec-11-2018 11:07:50 AM,13,0 Ether,suicide
0xefba96262f277cc8073da87e564955666d30a03b,Feb-09-2018 04:55:13 PM,Feb-10-2018 05:21:40 AM,7,0 Ether,suicide